Source	Target	Type
ENSG00000257923	CUX1FOXI1_01	protein
FOXJ2_01	ENSG00000234444	regulate
BCL6_01	ENSG00000184481	regulate
LHX2_01	ENSG00000118156	regulate
CDX_Q5	ENSG00000204531	regulate
HOXB2NHLH1_03	ENSG00000176399	regulate
ENSG00000115507	CRX_Q6	protein
BCL6_01	ENSG00000198342	regulate
FOXC1_02	ENSG00000111087	regulate
MECP2_Q4_01	ENSG00000196456	regulate
ENSG00000113430	IRX4_01	protein
MSX2_Q3	ENSG00000117010	regulate
HTF_01	ENSG00000005073	regulate
ENSG00000143995	MEIS1DLX2_01	protein
BCL6_01	ENSG00000143257	regulate
ENSG00000260027	HOXB7_01	protein
BCL6_01	ENSG00000131849	regulate
PU1_Q4	ENSG00000187801	regulate
BCL6_01	ENSG00000213020	regulate
HNF3_Q6_01	ENSG00000186496	regulate
ENSG00000159184	HOXB13ONECUT2_01	protein
FOXJ2_01	ENSG00000167157	regulate
IRF1_05	ENSG00000148200	regulate
BCL6_01	ENSG00000197714	regulate
SOX5_07	ENSG00000116833	regulate
LXR_Q6	ENSG00000159184	regulate
PBX1_10	ENSG00000218891	regulate
BCL6_01	ENSG00000175832	regulate
ARP1_01	ENSG00000221869	regulate
ENSG00000125347	IRF1_Q5	protein
ENSG00000073861	ETV2TBX21_03	protein
FOXD4L1_01	ENSG00000213799	regulate
PAX4_04	ENSG00000120068	regulate
DMRT4_01	ENSG00000198131	regulate
ENSG00000106689	LHX2_01	protein
HOXD10_01	ENSG00000137309	regulate
E2F3EOMES_01	ENSG00000161405	regulate
BCL6_01	ENSG00000256223	regulate
BCL6_01	ENSG00000174738	regulate
SHOX2_01	ENSG00000161405	regulate
ENSG00000181449	SOX2_Q3_01	protein
IRX2_01	ENSG00000170802	regulate
FOXJ2_01	ENSG00000124766	regulate
IRX2_01	ENSG00000158711	regulate
BCL6_01	ENSG00000119950	regulate
ENSG00000124813	AML_Q6	protein
CUX1FOXO6_01	ENSG00000005073	regulate
TCF11_01	ENSG00000152284	regulate
ENSG00000159216	AML1_Q4_02	protein
IRXB3_01	ENSG00000171291	regulate
ENSG00000012504	FXRRXR_Q5	protein
ENSG00000186564	FOXD2_01	protein
ENSG00000130675	HB9_01	protein
BCL6_01	ENSG00000134532	regulate
TEAD4RFX5_01	ENSG00000196605	regulate
SHOX2_01	ENSG00000160352	regulate
ZNF561_01	ENSG00000186230	regulate
TBX21_03	ENSG00000185669	regulate
ENSG00000185551	ARP1_01	protein
ZNF664_01	ENSG00000029153	regulate
HNF1B_04	ENSG00000129911	regulate
ENSG00000101076	HNF4A_06	protein
ENSG00000156150	ALX3_04	protein
HNF3_Q6_01	ENSG00000187098	regulate
ZNF282_01	ENSG00000153234	regulate
FREAC7_01	ENSG00000136535	regulate
ZNF561_01	ENSG00000100625	regulate
ARNTLPITX1_01	ENSG00000158691	regulate
SOX2_Q3_01	ENSG00000114126	regulate
IRF1_05	ENSG00000085644	regulate
BCL6_01	ENSG00000117707	regulate
FOXJ2_01	ENSG00000182986	regulate
ZNF33B_03	ENSG00000275410	regulate
FOX_Q2	ENSG00000137265	regulate
FREAC7_01	ENSG00000124766	regulate
ENSG00000165030	E4BP4_01	protein
HNF3_Q6_01	ENSG00000114126	regulate
E2A_Q2	ENSG00000196247	regulate
HNF6_Q6_01	ENSG00000124766	regulate
IRF1_05	ENSG00000196391	regulate
ERFETV7_01	ENSG00000144355	regulate
ENSG00000064195	GCM2DLX3_01	protein
IRF1_05	ENSG00000269699	regulate
BCL6_01	ENSG00000186812	regulate
CDX_Q5	ENSG00000267508	regulate
ENSG00000144852	RXRPXR_Q2	protein
CRX_Q6	ENSG00000198346	regulate
ENSG00000052850	ALX4_02	protein
BCL6_01	ENSG00000091831	regulate
BCL6_01	ENSG00000160113	regulate
HNF3_Q6_01	ENSG00000182986	regulate
FREAC7_01	ENSG00000128645	regulate
BCL6_01	ENSG00000134138	regulate
EGR1_12	ENSG00000149922	regulate
LXRDR4_Q3	ENSG00000072310	regulate
CRX_Q6	ENSG00000197841	regulate
ENSG00000171056	SOX7_05	protein
BCL6_01	ENSG00000186446	regulate
FOXJ2HOXB13_01	ENSG00000120738	regulate
ENSG00000106459	NRF1_02	protein
NRF2_Q6	ENSG00000213762	regulate
HNF3_Q6_01	ENSG00000196417	regulate
BCL6_01	ENSG00000171574	regulate
RUNX2_04	ENSG00000177030	regulate
FOX_Q2	ENSG00000197008	regulate
HNF3_Q6_01	ENSG00000152433	regulate
ENSG00000172789	HOXC5_01	protein
ENSG00000181449	SOX2_Q3	protein
ERFDLX2_01	ENSG00000120068	regulate
ENSG00000066336	PU1_Q4	protein
HOXB2PAX9_01	ENSG00000260027	regulate
FOXJ2_01	ENSG00000111206	regulate
BCL6_01	ENSG00000185551	regulate
COUPTF_Q6	ENSG00000143621	regulate
FOXD2_01	ENSG00000204519	regulate
CDX_Q5	ENSG00000118620	regulate
JUNDFOS_01	ENSG00000159216	regulate
ENSG00000133794	ARNTLPITX1_01	protein
EGR1_12	ENSG00000175395	regulate
ENSG00000137265	IRF_Q4	protein
TCF11_01	ENSG00000110851	regulate
ENSG00000186350	RXRRAR_01	protein
ZNF707_01	ENSG00000160094	regulate
HMGIY_Q3	ENSG00000105722	regulate
ENSG00000197905	TEAD4DLX3_01	protein
HNF3B_01	ENSG00000198464	regulate
BARX2_01	ENSG00000156150	regulate
ENSG00000101076	HNF4A_08	protein
KROX_Q6	ENSG00000198464	regulate
FOXD2_01	ENSG00000132170	regulate
HNF3_Q6_01	ENSG00000121075	regulate
RFX5_06	ENSG00000172216	regulate
HNF3B_01	ENSG00000125285	regulate
IRX5_01	ENSG00000100968	regulate
BCL6_01	ENSG00000103199	regulate
CRX_Q6	ENSG00000073282	regulate
LBX2_01	ENSG00000263001	regulate
ENSG00000124664	FOXO1SPDEF_01	protein
LUN1_01	ENSG00000091831	regulate
DMRT4_01	ENSG00000115507	regulate
BCL6_01	ENSG00000269699	regulate
SC1_01	ENSG00000105722	regulate
ENSG00000163508	E2F3EOMES_01	protein
IRF1_05	ENSG00000197587	regulate
CEBPG_Q6	ENSG00000143257	regulate
ENSG00000172819	RARG_Q3	protein
CDX_Q5	ENSG00000270011	regulate
ENSG00000257923	CDP_02	protein
HOXD12HOXA3_01	ENSG00000181638	regulate
ENSG00000143171	RXRG_03	protein
ENSG00000179528	LBX2_01	protein
S8_01	ENSG00000160094	regulate
HNF3ALPHA_Q6	ENSG00000165244	regulate
ENSG00000172819	RARG_03	protein
BCL6_01	ENSG00000176371	regulate
BCL6_01	ENSG00000126603	regulate
ALX3_04	ENSG00000074047	regulate
ENSG00000143995	MEIS1HOXB13_01	protein
CRX_Q6	ENSG00000240225	regulate
LXRBRXRA_Q5_01	ENSG00000131061	regulate
CRX_Q6	ENSG00000221818	regulate
HNF3_Q6_01	ENSG00000134323	regulate
EGR1_12	ENSG00000170608	regulate
FREAC7_01	ENSG00000118620	regulate
IRF1_05	ENSG00000171291	regulate
TFAP2C_01	ENSG00000052850	regulate
HNF3_Q6_01	ENSG00000152284	regulate
BCL6_01	ENSG00000007968	regulate
ENSG00000170345	JUNDFOS_01	protein
ENSG00000130522	JUND_05	protein
BCL6_01	ENSG00000122034	regulate
ENSG00000178573	MAF_Q6	protein
HOXC10_01	ENSG00000159387	regulate
ENSG00000144026	ZNF514_01	protein
ALX4EOMES_01	ENSG00000164532	regulate
HNF3_Q6_01	ENSG00000134317	regulate
FREAC7_01	ENSG00000171469	regulate
IRF1_05	ENSG00000157613	regulate
RXRA_07	ENSG00000085644	regulate
HOXB2EOMES_01	ENSG00000123364	regulate
ZNF132_03	ENSG00000139800	regulate
ENSG00000221869	CEBPD_Q6	protein
FOXJ2_01	ENSG00000106261	regulate
BCL6_01	ENSG00000119866	regulate
ENSG00000140968	IRF_Q6	protein
BCL6_01	ENSG00000107249	regulate
ENSG00000169856	ONECUT1_01	protein
ERFFOXO1_01	ENSG00000176678	regulate
HNF3_Q6_01	ENSG00000130675	regulate
TEAD4ESRRB_01	ENSG00000230797	regulate
HNF3_Q6_01	ENSG00000213020	regulate
FOXJ2_01	ENSG00000142700	regulate
FOXN2_02	ENSG00000184939	regulate
HNF1B_04	ENSG00000081665	regulate
BCL6_01	ENSG00000118620	regulate
HNF3_Q6_01	ENSG00000143621	regulate
ALX3_04	ENSG00000165804	regulate
E2F3EOMES_01	ENSG00000135457	regulate
PAX4_04	ENSG00000196092	regulate
JUND_05	ENSG00000085276	regulate
BCL6_01	ENSG00000143390	regulate
ENSG00000188227	ZNF793_01	protein
FREAC7_01	ENSG00000221923	regulate
DUX4_01	ENSG00000137309	regulate
ENSG00000064195	DLX3_Q3	protein
EGR1_16	ENSG00000119508	regulate
BCL6_01	ENSG00000174282	regulate
HNF6_Q6	ENSG00000159387	regulate
ENSG00000185252	COS52_02	protein
ENSG00000172216	CEBPB_02	protein
ZNF419_01	ENSG00000123933	regulate
ENSG00000159184	FOXJ2HOXB13_01	protein
ENSG00000101076	HNF4A_11	protein
HNF1B_01	ENSG00000177030	regulate
ENSG00000198182	ZNF607_02	protein
FOXJ2_01	ENSG00000204531	regulate
HOXA6_01	ENSG00000163884	regulate
IRF4_Q5	ENSG00000160352	regulate
ENSG00000101412	E2F_Q6_01	protein
ENSG00000160973	FOX_Q2	protein
GCM2DLX3_01	ENSG00000165804	regulate
CDP_02	ENSG00000170631	regulate
LXRBRXRA_Q5_01	ENSG00000120798	regulate
TFAP2A_10	ENSG00000139613	regulate
ETV2TCF3_01	ENSG00000164458	regulate
BCL6_01	ENSG00000128710	regulate
BCL6_01	ENSG00000196417	regulate
ENSG00000173917	HOXB2NHLH1_03	protein
CDX_Q5	ENSG00000198346	regulate
HNF3B_01	ENSG00000137309	regulate
FOX_Q2	ENSG00000130844	regulate
TCF11_01	ENSG00000100625	regulate
HNF1_Q6	ENSG00000107249	regulate
ENSG00000064195	ERFDLX3_01	protein
ENSG00000160224	AIRE_02	protein
DUX4_02	ENSG00000171574	regulate
IRF1_05	ENSG00000198807	regulate
MSX2_03	ENSG00000197841	regulate
CEBPD_Q6	ENSG00000101057	regulate
BCL6_01	ENSG00000009950	regulate
REVERBALPHA_Q6	ENSG00000186814	regulate
IRX5_01	ENSG00000171291	regulate
SHOX2_01	ENSG00000167840	regulate
HDX_01	ENSG00000149948	regulate
ENSG00000065970	FOXJ2_03	protein
IRF1_05	ENSG00000198342	regulate
FOXJ2_02	ENSG00000139800	regulate
ENSG00000073861	TBX21_03	protein
IRXB3_01	ENSG00000100968	regulate
FOXC1_02	ENSG00000142700	regulate
FOXJ2_01	ENSG00000267508	regulate
PU1_Q4	ENSG00000117707	regulate
ENSG00000198300	PEG3_02	protein
ENSG00000179456	ZBTB18_01	protein
HFH4_01	ENSG00000188227	regulate
IRF1_05	ENSG00000120798	regulate
HOXD12HOXA3_01	ENSG00000106031	regulate
STAT1_05	ENSG00000107249	regulate
ENSG00000065970	FOXJ2PITX1_01	protein
ENSG00000169083	AR_10	protein
ZNF513_01	ENSG00000172201	regulate
EGR1_12	ENSG00000099326	regulate
IRF1_05	ENSG00000178573	regulate
ENSG00000073861	HOXB13TBX21_01	protein
IRX2_01	ENSG00000092607	regulate
BCL6_01	ENSG00000197587	regulate
HNF3_Q6_01	ENSG00000197579	regulate
BCL6_01	ENSG00000161405	regulate
ENSG00000106038	MEIS1EVX1_01	protein
HNF3_Q6_01	ENSG00000126368	regulate
ONECUT2_01	ENSG00000124782	regulate
FOXD2_04	ENSG00000213799	regulate
ENSG00000136944	LMX1B_01	protein
ENSG00000111424	VDR_Q3	protein
CEBPG_Q6	ENSG00000122691	regulate
EGR1_12	ENSG00000254004	regulate
ENSG00000025434	DR4_Q2	protein
BCL6_01	ENSG00000164093	regulate
PU1_Q4	ENSG00000234444	regulate
ENSG00000181135	ZNF707_01	protein
ZNF514_01	ENSG00000196418	regulate
HNF3_Q6_01	ENSG00000171649	regulate
HOXC8_01	ENSG00000197905	regulate
ZNF629_02	ENSG00000005073	regulate
PPARG_01	ENSG00000124782	regulate
LXRBRXRA_Q5_01	ENSG00000118156	regulate
EAR2_Q2	ENSG00000136826	regulate
BCL6_01	ENSG00000185669	regulate
IRF1_05	ENSG00000135373	regulate
TEAD4HOXA3_01	ENSG00000221818	regulate
ENSG00000135625	EGR4_02	protein
IRF1_05	ENSG00000064490	regulate
NRF1_02	ENSG00000198182	regulate
ENSG00000198807	HOXB2PAX9_01	protein
ENSG00000172216	CEBP_Q3	protein
LMX1B_01	ENSG00000137309	regulate
HNF3_Q6_01	ENSG00000070476	regulate
EGR1_16	ENSG00000182759	regulate
BCL6_01	ENSG00000197162	regulate
PEG3_02	ENSG00000120738	regulate
ISX_03	ENSG00000074047	regulate
MEIS1HOXA13_01	ENSG00000179456	regulate
CRX_Q6	ENSG00000064490	regulate
FOXJ2_01	ENSG00000170631	regulate
KROX_Q6	ENSG00000064195	regulate
ENSG00000116132	PRRX1_03	protein
FOXJ2_01	ENSG00000122034	regulate
HNF3_Q6_01	ENSG00000185591	regulate
PU1_Q4	ENSG00000128709	regulate
HNF4A_11	ENSG00000143621	regulate
BCL6_01	ENSG00000106536	regulate
BCL6_01	ENSG00000160352	regulate
ENSG00000260596	DUX4_01	protein
BCL6_01	ENSG00000108511	regulate
BCL6_01	ENSG00000196391	regulate
ENSG00000197472	ZNF695_02	protein
ENSG00000204060	CUX1FOXO6_01	protein
LBX2_01	ENSG00000147140	regulate
BCL6_01	ENSG00000157554	regulate
ENSG00000120738	EGR1_12	protein
LXRDR4_Q3	ENSG00000263001	regulate
HNF3_Q6_01	ENSG00000185670	regulate
AIRE_01	ENSG00000176222	regulate
ENSG00000275410	HNF1B_Q6	protein
CUX1HOXB13_01	ENSG00000221869	regulate
HNF6_Q6_01	ENSG00000116132	regulate
SOX21_07	ENSG00000185252	regulate
HOXC9_01	ENSG00000221869	regulate
IRF1_05	ENSG00000253293	regulate
BARX2_01	ENSG00000160094	regulate
ENSG00000150907	CUX1FOXO1_01	protein
HNF3B_01	ENSG00000123358	regulate
CDX_Q5	ENSG00000196247	regulate
SOX7_05	ENSG00000230797	regulate
NMYC_01	ENSG00000197385	regulate
AIRE_01	ENSG00000133740	regulate
HNF3_Q6_01	ENSG00000169083	regulate
XBP1_01	ENSG00000108924	regulate
HOXC8_01	ENSG00000161405	regulate
BCL6_01	ENSG00000142611	regulate
ENSG00000137309	HMGIY_Q3	protein
PU1_Q4	ENSG00000198807	regulate
ENSG00000197579	LUN1_01	protein
IRF1_05	ENSG00000105136	regulate
BCL6_01	ENSG00000182568	regulate
ENSG00000120149	MSX2_03	protein
HMGIY_Q3	ENSG00000168610	regulate
MXI1_01	ENSG00000185551	regulate
EGR1_12	ENSG00000187098	regulate
PLZF_02	ENSG00000073861	regulate
COUPTF_Q6	ENSG00000106031	regulate
HOXD10_01	ENSG00000196418	regulate
HNF1B_Q6	ENSG00000092607	regulate
TFAP2C_02	ENSG00000139445	regulate
K2B_01	ENSG00000186951	regulate
LXRBRXRA_Q5_01	ENSG00000159216	regulate
DLX2_01	ENSG00000005073	regulate
CUX1FOXO1_01	ENSG00000005073	regulate
HNF3_Q6_01	ENSG00000171469	regulate
ENSG00000184492	FOXD4L1_01	protein
HOXD10_01	ENSG00000143171	regulate
ENSG00000184481	FOXO4_03	protein
FOXO1_06	ENSG00000016082	regulate
SMAD2SMAD3SMAD4_01	ENSG00000142611	regulate
FOXJ2_01	ENSG00000103199	regulate
BARX2_01	ENSG00000160352	regulate
HNF4G_04	ENSG00000165244	regulate
AR_14_H	ENSG00000186564	regulate
IRF1_05	ENSG00000169131	regulate
FOX_Q2	ENSG00000103199	regulate
ENSG00000105136	ZNF419_01	protein
ENSG00000168610	STAT_Q6	protein
BCL6_01	ENSG00000100644	regulate
SHOX2_01	ENSG00000113430	regulate
FOXJ2_01	ENSG00000081665	regulate
ENSG00000169083	AR_Q6_01	protein
ERFFOXO1_01	ENSG00000134107	regulate
IRF1_05	ENSG00000204519	regulate
FOX_Q2	ENSG00000197385	regulate
PAX4_04	ENSG00000197566	regulate
BCL6_01	ENSG00000106261	regulate
LXRBRXRA_Q5_01	ENSG00000137090	regulate
FOXD2_01	ENSG00000145908	regulate
IRF1_05	ENSG00000119574	regulate
ALX3_04	ENSG00000137309	regulate
CDX_Q5	ENSG00000178665	regulate
ENSG00000257923	CUX1SOX15_01	protein
NFIL3_03	ENSG00000110777	regulate
CDX_Q5	ENSG00000111087	regulate
ENSG00000137265	IRF_Q6	protein
RUNX2_04	ENSG00000166949	regulate
FOXD2_04	ENSG00000179195	regulate
BCL6_01	ENSG00000157613	regulate
ENSG00000181449	MEIS1SOX2_01	protein
IRF1_05	ENSG00000099326	regulate
ENSG00000186350	LXRBRXRA_Q5_01	protein
ENSG00000172216	CEBPB_01	protein
ENSG00000205922	ONECUT3_01	protein
PAX4_04	ENSG00000153234	regulate
DUX4_02	ENSG00000119547	regulate
ENSG00000120738	KROX_Q6	protein
PU1_Q4	ENSG00000168505	regulate
ENSG00000159184	HOXB13TBX21_01	protein
ENSG00000163508	ALX4EOMES_01	protein
ENSG00000105722	ERFDLX3_01	protein
HNF3_Q6_01	ENSG00000137265	regulate
ENSG00000137265	IRF4_Q5	protein
ENSG00000118689	FOXO3A_Q1	protein
BCL6_01	ENSG00000025434	regulate
ENSG00000169856	HNF6_Q6_01	protein
HNF3_Q6_01	ENSG00000175213	regulate
LXRBRXRA_Q5_01	ENSG00000100644	regulate
ENSG00000116044	NRF2_Q6	protein
IRF1_05	ENSG00000260027	regulate
ENSG00000221869	CEBP_Q3	protein
BCL6_01	ENSG00000124613	regulate
LXRBRXRA_Q5_01	ENSG00000204531	regulate
FOX_Q2	ENSG00000077463	regulate
BCL6_01	ENSG00000103449	regulate
BCL6_01	ENSG00000171425	regulate
IRX4_01	ENSG00000092607	regulate
EGR1_12	ENSG00000103199	regulate
IRF1_05	ENSG00000197757	regulate
BCL6_01	ENSG00000257923	regulate
ENSG00000129514	HNF3ALPHA_Q6	protein
LXRDR4_Q3	ENSG00000230797	regulate
HNF3B_01	ENSG00000180626	regulate
BCL6_01	ENSG00000203326	regulate
ARNTLBHLHA15_01	ENSG00000197587	regulate
FOXN2_02	ENSG00000121406	regulate
SOX9_06	ENSG00000100644	regulate
CDX_Q5	ENSG00000184828	regulate
BCL6_01	ENSG00000169057	regulate
AIRE_01	ENSG00000173253	regulate
SOX9_B1	ENSG00000179195	regulate
HLF_04	ENSG00000110777	regulate
ENSG00000186350	CARRXR_Q2	protein
IRF4_Q5	ENSG00000106546	regulate
ENSG00000073861	SOX6TBX21_01	protein
ENSG00000108511	HOXB6_01	protein
FOX_Q2	ENSG00000144026	regulate
MSX2_03	ENSG00000113430	regulate
ENSG00000176887	SOX11_Q6	protein
FOXD2_01	ENSG00000106459	regulate
ENSG00000257923	CUX1_05	protein
ENSG00000180257	ZNF816A_02	protein
AIRE_01	ENSG00000184492	regulate
HMGIY_Q3	ENSG00000278129	regulate
FREAC3_01	ENSG00000111145	regulate
LXRBRXRA_Q5_01	ENSG00000100625	regulate
LHX2_01	ENSG00000116044	regulate
THRB_02	ENSG00000066336	regulate
ENSG00000145908	ZNF300_01	protein
FOXD2_01	ENSG00000141510	regulate
HOXB2ESRRB_01	ENSG00000197566	regulate
ENSG00000165891	E2F_Q6_01	protein
CDX_Q5	ENSG00000100625	regulate
HMGIY_Q3	ENSG00000185630	regulate
E2F3EOMES_01	ENSG00000180035	regulate
FOXJ2HOXB13_01	ENSG00000180818	regulate
ENSG00000186350	RXRPXR_Q2	protein
BCL6_01	ENSG00000111249	regulate
LUN1_01	ENSG00000162714	regulate
IRF4_Q5	ENSG00000125850	regulate
COS52_01	ENSG00000198346	regulate
TCF11_01	ENSG00000143171	regulate
MEIS1BHOXA9_02	ENSG00000063438	regulate
BCL6_01	ENSG00000085276	regulate
HNF4_Q6_01	ENSG00000165244	regulate
ENSG00000132170	PPARG_01	protein
HNF3B_01	ENSG00000137265	regulate
EGR1_12	ENSG00000196793	regulate
ENSG00000150907	FOXO1ELK3_02	protein
TCF11_01	ENSG00000012048	regulate
FOX_Q2	ENSG00000175213	regulate
IRF_Q6	ENSG00000136367	regulate
BCL6_01	ENSG00000196247	regulate
GRHL1_01	ENSG00000121406	regulate
RARG_Q3	ENSG00000204366	regulate
ZNF431_02	ENSG00000135373	regulate
BCL6_01	ENSG00000189190	regulate
IRF4_Q5	ENSG00000064195	regulate
ENSG00000159556	ISL2_01	protein
ENSG00000115415	STAT1_05	protein
LHX2_03	ENSG00000168779	regulate
BCL6_01	ENSG00000131061	regulate
IRF1_05	ENSG00000073282	regulate
BCL6_01	ENSG00000092607	regulate
POU2F1FOXO6_01	ENSG00000183850	regulate
CRX_Q6	ENSG00000141905	regulate
RUNX2_04	ENSG00000165821	regulate
IRX5_01	ENSG00000158711	regulate
HNF3_Q6_01	ENSG00000101115	regulate
BCL6_01	ENSG00000134323	regulate
ENSG00000143390	CUX1RFX5_01	protein
ENSG00000025434	LXR_Q6	protein
FOXN2_02	ENSG00000101115	regulate
ENSG00000091831	ER_Q6	protein
IRF1_05	ENSG00000137273	regulate
HNF3_Q6_01	ENSG00000197857	regulate
TFAP2C_04	ENSG00000196793	regulate
ENSG00000142611	PRDM16_01	protein
ENSG00000106331	PAX4_04	protein
FOXJ2_01	ENSG00000111087	regulate
BCL6_01	ENSG00000107485	regulate
HOXD1_01	ENSG00000263001	regulate
S8_01	ENSG00000126603	regulate
ENSG00000105722	ERFFOXI1_02	protein
CUX2_02	ENSG00000005073	regulate
ENSG00000260596	DUX4_02	protein
LMX1B_01	ENSG00000176678	regulate
IRF1_05	ENSG00000173258	regulate
JUND_03	ENSG00000196812	regulate
LXRBRXRA_Q5_01	ENSG00000176222	regulate
EOMES_06	ENSG00000135547	regulate
HNF3_Q6_01	ENSG00000197372	regulate
IRF1_03	ENSG00000172216	regulate
NFE2L1_Q5	ENSG00000113658	regulate
EGR1_12	ENSG00000175787	regulate
CDPCR3_01	ENSG00000095794	regulate
BCL6_01	ENSG00000221994	regulate
PITX2_Q2	ENSG00000180257	regulate
OCT4_02	ENSG00000172819	regulate
ZNF713_03	ENSG00000114315	regulate
ONECUT1_01	ENSG00000181449	regulate
ENSG00000204060	FOXO6_01	protein
SOX11_Q6	ENSG00000198131	regulate
ENSG00000203326	ZNF525_01	protein
ENSG00000151090	THRB_02	protein
ENSG00000025434	LXRDR4_Q3	protein
ENSG00000275410	HNF1_Q6	protein
HNF3_Q6_01	ENSG00000077463	regulate
LXRBRXRA_Q5_01	ENSG00000159184	regulate
FOX_Q2	ENSG00000152284	regulate
IRX2_01	ENSG00000100968	regulate
SOX2_Q3	ENSG00000161405	regulate
ENSG00000115844	POU2F1DLX2_01	protein
ENSG00000149948	HMGIY_Q3	protein
ENSG00000169083	AR_08	protein
HNF3_Q6_01	ENSG00000172379	regulate
GCM2E2F8_01	ENSG00000164920	regulate
ENSG00000115844	DLX2_01	protein
IRF1_05	ENSG00000174282	regulate
LXRBRXRA_Q5_01	ENSG00000177030	regulate
BCL6_01	ENSG00000263002	regulate
BCL6_01	ENSG00000052850	regulate
SPDEF_06	ENSG00000188295	regulate
MECP2_Q4_01	ENSG00000171634	regulate
ENSG00000105722	ERFFOXO1_01	protein
ENSG00000101076	HNF4_Q6_01	protein
FOSJUN_03	ENSG00000143171	regulate
FREAC3_01	ENSG00000185630	regulate
HNF3_Q6_01	ENSG00000167394	regulate
IRX4_01	ENSG00000171291	regulate
SOX2_05	ENSG00000138738	regulate
ENSG00000118689	FOXO3A_Q3	protein
ENSG00000125285	SOX21_07	protein
FOXJ2_02	ENSG00000134532	regulate
POU2F1SOX2_01	ENSG00000166211	regulate
ENSG00000168779	SHOX2_01	protein
PAX4_Q2	ENSG00000173258	regulate
ENSG00000115844	ERFDLX2_01	protein
ENSG00000173917	HOXB2ESRRB_01	protein
ZSCAN16_01	ENSG00000197037	regulate
BCL6_01	ENSG00000113430	regulate
HNF3B_01	ENSG00000171649	regulate
IRX5_01	ENSG00000100625	regulate
ENSG00000167157	S8_02	protein
ENSG00000143995	MEIS1HOXA13_01	protein
BCL6_01	ENSG00000168610	regulate
SOX9_03	ENSG00000136574	regulate
ENSG00000128710	HOXD10_01	protein
HNF1B_04	ENSG00000132170	regulate
BCL6_01	ENSG00000072736	regulate
LXRBRXRA_Q5_01	ENSG00000102034	regulate
BCL6_01	ENSG00000185670	regulate
ENSG00000180626	ZNF594_03	protein
BCL6_01	ENSG00000167394	regulate
HNF3_Q6_01	ENSG00000172059	regulate
BCL6_01	ENSG00000106290	regulate
FOX_Q2	ENSG00000171469	regulate
ENSG00000110851	SC1_01	protein
POU2F1DLX2_01	ENSG00000196605	regulate
HOXB13ONECUT2_01	ENSG00000221869	regulate
LXR_Q6	ENSG00000160229	regulate
FOX_Q2	ENSG00000197128	regulate
PU1_Q4	ENSG00000167555	regulate
ISL2_01	ENSG00000263001	regulate
ENSG00000062370	ZNF228_01	protein
ISL2_01	ENSG00000073282	regulate
IRF1_05	ENSG00000170166	regulate
TFAP2A_02	ENSG00000052850	regulate
ZNF793_01	ENSG00000168610	regulate
ENSG00000115844	GCM2DLX2_01	protein
ENSG00000124766	SOX5_07	protein
BCL6_01	ENSG00000159915	regulate
FOXC1_02	ENSG00000128645	regulate
HNF3_Q6_01	ENSG00000198551	regulate
ENSG00000153879	CEBP_Q3	protein
ENSG00000064195	TFAP4DLX3_01	protein
ENSG00000120738	EGR1_16	protein
LXRBRXRA_Q5_01	ENSG00000006704	regulate
ENSG00000178665	ZNF713_03	protein
BCL6_01	ENSG00000129173	regulate
MECP2_Q4_01	ENSG00000185551	regulate
ENSG00000166949	SMAD2SMAD3SMAD4_01	protein
ENSG00000275410	HNF1B_04	protein
ZFP90_02	ENSG00000102935	regulate
ENSG00000160224	AIRE_01	protein
RXRRAR_01	ENSG00000176371	regulate
ZSCAN2_06	ENSG00000165259	regulate
ENSG00000020633	AML_Q6	protein
T3RBETA_Q6_01	ENSG00000167840	regulate
PLZF_02	ENSG00000187098	regulate
BCL6_01	ENSG00000171291	regulate
BCL6_01	ENSG00000083812	regulate
FOS_09	ENSG00000118689	regulate
ENSG00000119950	MXI1_01	protein
FOXJ2_01	ENSG00000170265	regulate
LXRBRXRA_Q5_01	ENSG00000171469	regulate
CUX1_05	ENSG00000214189	regulate
EGR1_16	ENSG00000113722	regulate
BCL6_01	ENSG00000016082	regulate
RORC_01	ENSG00000249709	regulate
ENSG00000169083	AR_14_H	protein
BCL6_01	ENSG00000170954	regulate
S8_02	ENSG00000118156	regulate
BCL6_01	ENSG00000140968	regulate
ENSG00000133794	ARNTLBHLHA15_01	protein
PU1_Q4	ENSG00000269699	regulate
JUND_05	ENSG00000100625	regulate
ENSG00000111249	CUX2_02	protein
FOXJ2_01	ENSG00000102935	regulate
ENSG00000106689	LHX2_03	protein
ENSG00000118620	ZNF430_02	protein
BCL6_01	ENSG00000141905	regulate
ALX3_01	ENSG00000186951	regulate
FOX_Q2	ENSG00000185670	regulate
ETV2TBX21_03	ENSG00000168779	regulate
ENSG00000184939	ZFP90_02	protein
HNF1_Q6	ENSG00000256229	regulate
EGR1_12	ENSG00000077463	regulate
HMGIY_Q3	ENSG00000176692	regulate
SOX2_Q3	ENSG00000065970	regulate
ENSG00000159387	IRXB3_01	protein
ENSG00000148200	GCNF_01	protein
BCL6_01	ENSG00000186230	regulate
DR4_Q2	ENSG00000230797	regulate
RUNX2_04	ENSG00000169057	regulate
SATB1_Q3	ENSG00000198146	regulate
IRF1_05	ENSG00000124766	regulate
POU2F1TBX21_01	ENSG00000161298	regulate
MEIS1EVX1_01	ENSG00000130675	regulate
ETV2HES7_03	ENSG00000167625	regulate
ENSG00000087510	TFAP2C_01	protein
BCL6_01	ENSG00000249709	regulate
ENSG00000123364	HOXC13_01	protein
CRX_Q6	ENSG00000196456	regulate
ENSG00000118689	FOXO3_03	protein
SOX5_07	ENSG00000135457	regulate
ZNF431_03	ENSG00000183850	regulate
SMAD2SMAD3SMAD4_01	ENSG00000188295	regulate
HNF3_Q6_01	ENSG00000180626	regulate
ENSG00000170802	FOXN2_02	protein
BCL6_01	ENSG00000106546	regulate
SOX2_Q3	ENSG00000179909	regulate
BCL6_01	ENSG00000234444	regulate
ENSG00000176371	ZSCAN2_06	protein
IRF1_05	ENSG00000169057	regulate
IRF1_05	ENSG00000175322	regulate
ZNF430_02	ENSG00000204366	regulate
PLZF_02	ENSG00000143437	regulate
FOXO1_02	ENSG00000140262	regulate
ENSG00000153879	CEBPG_Q6	protein
FOXN2_02	ENSG00000110777	regulate
EGR1_12	ENSG00000165804	regulate
HMGIY_Q3	ENSG00000109906	regulate
ZNF282_01	ENSG00000186230	regulate
BCL6_01	ENSG00000020633	regulate
ENSG00000102870	ZNF629_02	protein
ENSG00000120149	MSX2_Q3	protein
HOXC13_Q2	ENSG00000185669	regulate
ENSG00000163884	KLF15_Q2	protein
RXRG_02	ENSG00000163795	regulate
ALX4_05	ENSG00000140262	regulate
LMX1B_01	ENSG00000161405	regulate
IRF1_05	ENSG00000140044	regulate
BCL6_01	ENSG00000124766	regulate
ENSG00000175832	FOXO1ETV4_02	protein
PLZF_02	ENSG00000111249	regulate
FOXJ2_01	ENSG00000165259	regulate
IRF1_05	ENSG00000006704	regulate
BCL6_01	ENSG00000177030	regulate
HOXD10_01	ENSG00000110777	regulate
T3RBETA_Q6_01	ENSG00000152284	regulate
IRF1_05	ENSG00000160113	regulate
ETV2DLX3_03	ENSG00000172818	regulate
EGR1_16	ENSG00000198464	regulate
IRXB3_01	ENSG00000158711	regulate
ENSG00000065970	FOXJ2ELF1_01	protein
VDR_Q3	ENSG00000179456	regulate
ENSG00000125347	IRF_Q4	protein
FOXC2_01	ENSG00000172818	regulate
BCL6_01	ENSG00000198040	regulate
ZNF600_02	ENSG00000188227	regulate
EGR1_12	ENSG00000159915	regulate
LXRBRXRA_Q5_01	ENSG00000160336	regulate
ENSG00000196693	ZNF33B_03	protein
ENSG00000180035	ZNF553_02	protein
IRX5_01	ENSG00000066336	regulate
ZNF526_02	ENSG00000105136	regulate
ARP1_01	ENSG00000100219	regulate
ENSG00000125398	SOX9_06	protein
ENSG00000077092	DR4_Q2	protein
FREAC7_01	ENSG00000196418	regulate
HNF3_Q6_01	ENSG00000106006	regulate
BCL6_01	ENSG00000119574	regulate
FOXD2_01	ENSG00000124664	regulate
IRXB3_01	ENSG00000092607	regulate
IRX2_01	ENSG00000171291	regulate
ENSG00000257923	CDPCR3_01	protein
BCL6_01	ENSG00000151623	regulate
LXRBRXRA_Q5_01	ENSG00000101076	regulate
ENSG00000164093	PITX2_Q2	protein
BCL6_01	ENSG00000006704	regulate
IRF1_05	ENSG00000020633	regulate
BCL6_01	ENSG00000110851	regulate
BCL6_01	ENSG00000130522	regulate
ENSG00000064195	TEAD4DLX3_01	protein
PU1_Q4	ENSG00000140044	regulate
BRACH_02	ENSG00000125798	regulate
FOXJ2_01	ENSG00000169131	regulate
ENSG00000161298	ZNF382_02	protein
IRF1_05	ENSG00000131061	regulate
HNF3_Q6_01	ENSG00000101076	regulate
ENSG00000143995	MEIS1SOX2_01	protein
EGR1_12	ENSG00000263002	regulate
TFAP2C_04	ENSG00000139613	regulate
STAT3_03	ENSG00000164778	regulate
ENSG00000151090	T3RBETA_Q6_01	protein
BCL6_01	ENSG00000184517	regulate
ZNF553_02	ENSG00000108511	regulate
ENSG00000196812	ZSCAN16_01	protein
MECP2_Q4_01	ENSG00000135457	regulate
FOXJ2_01	ENSG00000124664	regulate
ENSG00000125398	SOX9_B1	protein
ONECUT1_01	ENSG00000159387	regulate
FOXJ2_01	ENSG00000167034	regulate
ZNF611_04	ENSG00000120149	regulate
DMRT4_01	ENSG00000180257	regulate
BCL6_01	ENSG00000186496	regulate
BCL6_01	ENSG00000176222	regulate
AIRE_01	ENSG00000132170	regulate
HOXB13_01	ENSG00000169856	regulate
BCL6_01	ENSG00000250571	regulate
ENSG00000115415	STAT_Q6	protein
FOXJ2_03	ENSG00000196670	regulate
ZNF233_02	ENSG00000205922	regulate
LXRBRXRA_Q5_01	ENSG00000221994	regulate
BCL6_01	ENSG00000140262	regulate
ENSG00000150907	FOXO1_02	protein
HNF6_Q6_01	ENSG00000124782	regulate
NR1D2_01	ENSG00000138738	regulate
BCL6_01	ENSG00000173917	regulate
IRF1_05	ENSG00000144355	regulate
HNF3_Q6_01	ENSG00000197566	regulate
LXRBRXRA_Q5_01	ENSG00000180035	regulate
ZNF664_01	ENSG00000085276	regulate
LXRBRXRA_Q5_01	ENSG00000198466	regulate
HNF3_Q6_01	ENSG00000130844	regulate
ENSG00000143995	MEIS1EVX1_01	protein
AML1_Q4_02	ENSG00000140044	regulate
ENSG00000163508	HOXB2EOMES_01	protein
ENSG00000143171	DR4_Q2	protein
HOXB13TBX21_01	ENSG00000179528	regulate
ENSG00000106038	ELK1EVX1_01	protein
ENSG00000181449	SOX2_05	protein
ENSG00000179111	ETV2HES7_03	protein
HMGIY_Q3	ENSG00000267508	regulate
ZNF525_01	ENSG00000105722	regulate
ENSG00000143995	MEIS1AHOXA9_01	protein
TEAD4HOXA3_01	ENSG00000172789	regulate
FOX_Q2	ENSG00000198551	regulate
HNF3B_01	ENSG00000130844	regulate
CRX_Q6	ENSG00000106536	regulate
HDX_01	ENSG00000166211	regulate
ENSG00000073861	PITX1TBX21_01	protein
ENSG00000172819	DR4_Q2	protein
BCL6_01	ENSG00000197566	regulate
RXRPXR_Q2	ENSG00000115112	regulate
S8_02	ENSG00000156150	regulate
BCL6_01	ENSG00000166949	regulate
ENSG00000171469	ZNF561_01	protein
BCL6_01	ENSG00000165259	regulate
JUND_03	ENSG00000125285	regulate
HOXC8_01	ENSG00000160352	regulate
ENSG00000129654	HFH4_01	protein
ALX4_02	ENSG00000113430	regulate
ISL2_01	ENSG00000143257	regulate
EGR1_12	ENSG00000267508	regulate
ENSG00000204531	POU5F1_04	protein
EGR1_16	ENSG00000087510	regulate
ENSG00000106331	PAX4_Q2	protein
BCL6_01	ENSG00000198466	regulate
ENSG00000065970	FOXJ2_02	protein
ENSG00000159915	ZNF233_02	protein
ENSG00000087510	TFAP2C_02	protein
BCL6_01	ENSG00000116017	regulate
ENSG00000159184	POU2F1HOXB13_01	protein
IRF1_05	ENSG00000197008	regulate
HB9_01	ENSG00000205922	regulate
HNF3_Q6_01	ENSG00000167555	regulate
BCL6_01	ENSG00000102870	regulate
NR3C2_01	ENSG00000106031	regulate
TCF11_01	ENSG00000131849	regulate
JUND_05	ENSG00000189420	regulate
ENSG00000140968	IRF_Q4	protein
FOXJ2PITX1_01	ENSG00000186446	regulate
ENSG00000164458	BRACH_02	protein
BCL6_01	ENSG00000169131	regulate
BCL6_01	ENSG00000138738	regulate
ENSG00000185252	COS52_01	protein
CRX_Q6	ENSG00000170631	regulate
HNF3_Q6_01	ENSG00000144026	regulate
BCL6_01	ENSG00000165821	regulate
AR_Q6_01	ENSG00000095794	regulate
E2F3EOMES_01	ENSG00000114126	regulate
FOXC1_02	ENSG00000171469	regulate
ENSG00000012504	LXR_Q6	protein
ENSG00000186350	FXRRXR_Q5	protein
BCL6_01	ENSG00000064490	regulate
FOXD2_01	ENSG00000164532	regulate
BCL6_01	ENSG00000184492	regulate
LRH1_Q6	ENSG00000122691	regulate
BCL6_01	ENSG00000137203	regulate
IRF1_05	ENSG00000186230	regulate
ENSG00000129514	HNF3_Q6_01	protein
ENSG00000213020	ZNF611_04	protein
BCL6_01	ENSG00000185730	regulate
FOX_Q2	ENSG00000157613	regulate
FOXJ2_01	ENSG00000118620	regulate
ENSG00000197905	TEAD4HOXA3_01	protein
FOX_Q2	ENSG00000198464	regulate
HNF3_Q6_01	ENSG00000125850	regulate
HNF3_Q6_01	ENSG00000170265	regulate
FOXJ2_01	ENSG00000213020	regulate
BCL6_01	ENSG00000152284	regulate
BCL6_01	ENSG00000197857	regulate
KROX_Q6	ENSG00000132170	regulate
BCL6_01	ENSG00000196267	regulate
FOXD2_01	ENSG00000106261	regulate
ENSG00000052850	ALX4_05	protein
COS52_02	ENSG00000164093	regulate
BCL6_01	ENSG00000144026	regulate
ENSG00000177606	FOSJUN_03	protein
PU1_Q4	ENSG00000198300	regulate
AR_08	ENSG00000106031	regulate
CDX_Q5	ENSG00000128645	regulate
ISL2_01	ENSG00000118156	regulate
PU1_Q4	ENSG00000185551	regulate
BCL6_01	ENSG00000147140	regulate
EGR1_12	ENSG00000121903	regulate
LUN1_01	ENSG00000117000	regulate
S8_01	ENSG00000176222	regulate
ENSG00000156150	ALX3_01	protein
MEIS1DLX2_01	ENSG00000157554	regulate
ENSG00000159216	AML_Q6	protein
ENSG00000186350	RXRA_07	protein
BCL6_01	ENSG00000119138	regulate
BCL6_01	ENSG00000063438	regulate
HNF3_Q6_01	ENSG00000198538	regulate
LXRBRXRA_Q5_01	ENSG00000133740	regulate
IRF1_05	ENSG00000166949	regulate
IRF1_05	ENSG00000137834	regulate
BCL6_01	ENSG00000185811	regulate
BCL6_01	ENSG00000130684	regulate
HNF3_Q6_01	ENSG00000198521	regulate
ZNF228_01	ENSG00000175329	regulate
ENSG00000137203	TFAP2A_10	protein
LXRBRXRA_Q5_01	ENSG00000230797	regulate
EGR1_12	ENSG00000173275	regulate
KLF15_Q2	ENSG00000085276	regulate
IRF1_05	ENSG00000157429	regulate
IRF1_05	ENSG00000172819	regulate
ENSG00000159184	CUX1HOXB13_01	protein
BCL6_01	ENSG00000150907	regulate
ENSG00000125347	IRF_Q6	protein
HOXA6_01	ENSG00000101057	regulate
ENSG00000164749	HNF4GAMMA_01	protein
FAC1_01	ENSG00000134107	regulate
HNF4A_06	ENSG00000163795	regulate
ENSG00000054598	FOXC1_02	protein
BCL6_01	ENSG00000167840	regulate
BCL6_01	ENSG00000197863	regulate
ENSG00000196705	ZNF431_02	protein
ENSG00000087510	TFAP2C_04	protein
FOXJ2_01	ENSG00000100625	regulate
ENSG00000129654	FOX_Q2	protein
PLZF_02	ENSG00000197372	regulate
FOXJ2_01	ENSG00000186496	regulate
BCL6_01	ENSG00000182759	regulate
ENSG00000129173	GCM2E2F8_01	protein
ENSG00000176842	IRX5_01	protein
FOXJ2_01	ENSG00000128645	regulate
HNF3_Q6_01	ENSG00000181896	regulate
ENSG00000170265	ZNF282_01	protein
ENSG00000160113	EAR2_Q2	protein
FOX_Q2	ENSG00000197162	regulate
CDP_Q6_01	ENSG00000110851	regulate
ENSG00000130522	JUNDFOS_01	protein
FREAC7_01	ENSG00000213762	regulate
IRF1_05	ENSG00000124613	regulate
ZNF816A_02	ENSG00000143365	regulate
SATB1_Q3	ENSG00000072736	regulate
HNF3_Q6_01	ENSG00000063438	regulate
ENSG00000163508	EOMES_06	protein
ENSG00000151623	NR3C2_01	protein
AIRE_01	ENSG00000128573	regulate
HNF3_Q6_01	ENSG00000012048	regulate
LXRBRXRA_Q5_01	ENSG00000160229	regulate
ENSG00000125285	SOX21_06	protein
BCL6_01	ENSG00000143995	regulate
PLZF_02	ENSG00000109906	regulate
ENSG00000150907	ERFFOXO1_01	protein
ENSG00000082641	TCF11_01	protein
ENSG00000185551	COUPTF_Q6	protein
HNF3B_01	ENSG00000197128	regulate
FOX_Q2	ENSG00000172059	regulate
ENSG00000111424	DR3_Q4	protein
LUN1_01	ENSG00000171448	regulate
EGR1_12	ENSG00000062370	regulate
ENSG00000073861	POU2F1TBX21_01	protein
ENSG00000065970	FOXJ2_01	protein
BCL6_01	ENSG00000221869	regulate
SOX2_Q3_01	ENSG00000118156	regulate
ENSG00000071564	E2A_Q2	protein
AML_Q6	ENSG00000135625	regulate
ENSG00000197905	TEAD4HOXA2_01	protein
FOXC1_03	ENSG00000172818	regulate
CUX1FOXI1_01	ENSG00000168610	regulate
ENSG00000197905	TEAD4ESRRB_01	protein
ENSG00000105722	ERFETV7_01	protein
PU1_Q4	ENSG00000102034	regulate
FXRRXR_Q5	ENSG00000109705	regulate
FOXO4_03	ENSG00000016082	regulate
ISX_03	ENSG00000133794	regulate
MYOGNF1_01	ENSG00000109906	regulate
LXRBRXRA_Q5_01	ENSG00000161298	regulate
FOXC1_02	ENSG00000167034	regulate
CEBPG_Q6	ENSG00000256229	regulate
ENSG00000176678	FREAC7_01	protein
ENSG00000196705	ZNF431_03	protein
BCL6_01	ENSG00000133794	regulate
ENSG00000105997	HOXD12HOXA3_01	protein
BCL6_01	ENSG00000256087	regulate
ENSG00000143257	CARRXR_Q2	protein
TEAD4HOXA2_01	ENSG00000172789	regulate
LXRBRXRA_Q5_01	ENSG00000198538	regulate
FOX_Q2	ENSG00000180035	regulate
FOXO3A_Q1	ENSG00000186812	regulate
HNF3B_01	ENSG00000103199	regulate
HOXD10_01	ENSG00000257923	regulate
ENSG00000173917	HOXB2PAX9_01	protein
KROX_Q6	ENSG00000130522	regulate
TFAP4DLX3_01	ENSG00000160352	regulate
ENSG00000275410	HNF1B_01	protein
ENSG00000214189	ZNF788_01	protein
MSX2_03	ENSG00000175879	regulate
ENSG00000143390	RFX5_06	protein
NR2F6_01	ENSG00000124782	regulate
ENSG00000105997	TEAD4HOXA3_01	protein
BCL6_01	ENSG00000204519	regulate
HNF3_Q6_01	ENSG00000197385	regulate
BCL6_01	ENSG00000117010	regulate
ENSG00000257923	CUX1HOXB13_01	protein
ENSG00000125347	IRF1_03	protein
BCL6_01	ENSG00000158691	regulate
ZNF607_02	ENSG00000185730	regulate
ALX4_05	ENSG00000074047	regulate
BCL6_01	ENSG00000198551	regulate
BCL6_01	ENSG00000181135	regulate
IRF1_05	ENSG00000173253	regulate
BCL6_01	ENSG00000182986	regulate
EGR4_02	ENSG00000134317	regulate
BCL6_01	ENSG00000123358	regulate
ENSG00000170561	IRX2_01	protein
BCL6_01	ENSG00000020256	regulate
ALX3_01	ENSG00000118156	regulate
SOX21_06	ENSG00000230797	regulate
DUX4_01	ENSG00000074047	regulate
E4BP4_01	ENSG00000124766	regulate
ENSG00000180818	HOXC10_01	protein
ENSG00000263002	ZNF234_01	protein
HNF3_Q6_01	ENSG00000174738	regulate
LXRBRXRA_Q5_01	ENSG00000213799	regulate
HOXC8_01	ENSG00000167840	regulate
S8_01	ENSG00000161405	regulate
ZNF551_02	ENSG00000269699	regulate
BARX2_01	ENSG00000016082	regulate
ENSG00000043039	BARX2_01	protein
TAL1_01	ENSG00000102870	regulate
ALX3_01	ENSG00000263001	regulate
HNF4A_08	ENSG00000165512	regulate
BCL6_01	ENSG00000114126	regulate
ENSG00000174738	NR1D2_01	protein
LXRBRXRA_Q5_01	ENSG00000105722	regulate
ENSG00000142700	DMRT5_01	protein
ZNF788_01	ENSG00000130818	regulate
S8_01	ENSG00000160352	regulate
LMX1B_01	ENSG00000182568	regulate
BCL6_01	ENSG00000111653	regulate
FOXJ2_01	ENSG00000143257	regulate
ENSG00000168610	STAT3_03	protein
PLZF_02	ENSG00000137309	regulate
ENSG00000186350	DR4_Q2	protein
BCL6_01	ENSG00000242779	regulate
CEBPG_Q6	ENSG00000173917	regulate
BCL6_01	ENSG00000254004	regulate
AR_10	ENSG00000198182	regulate
LUN1_01	ENSG00000106290	regulate
ENSG00000197905	TEAD4RFX5_01	protein
HNF3_Q6_01	ENSG00000157613	regulate
TEAD4HOXA2_01	ENSG00000221818	regulate
ENSG00000164749	HNF4G_04	protein
FOXC1_03	ENSG00000118620	regulate
ENSG00000173917	HOXB2EOMES_01	protein
ENSG00000115844	MEIS1DLX2_01	protein
SOX7_06	ENSG00000185252	regulate
SOX11_Q6	ENSG00000197579	regulate
ENSG00000064195	ETV2DLX3_03	protein
ENSG00000143365	RORC_01	protein
IRF_Q6	ENSG00000159915	regulate
HOXC13_Q2	ENSG00000128709	regulate
FOXJ2_01	ENSG00000135457	regulate
FOX_Q2	ENSG00000182141	regulate
FOXO1ETV4_02	ENSG00000176678	regulate
FOXJ2_02	ENSG00000128573	regulate
BCL6_01	ENSG00000077092	regulate
HOXA13_03	ENSG00000128709	regulate
BCL6_01	ENSG00000126351	regulate
FREAC7_01	ENSG00000020256	regulate
BCL6_01	ENSG00000105419	regulate
ENSG00000275410	HNF1_Q6_01	protein
NKX3A_02	ENSG00000170365	regulate
ENSG00000165259	HDX_01	protein
FOXN2_02	ENSG00000198039	regulate
BCL6_01	ENSG00000144792	regulate
EGR1_12	ENSG00000263001	regulate
SOX2_Q3_01	ENSG00000164778	regulate
BCL6_01	ENSG00000167555	regulate
ISL2_01	ENSG00000269699	regulate
NKX3A_02	ENSG00000134138	regulate
FOX_Q2	ENSG00000180626	regulate
ENSG00000167034	NKX3A_02	protein
ERALPHA_Q4	ENSG00000188295	regulate
RXRA_05	ENSG00000163795	regulate
ALX4_05	ENSG00000196793	regulate
CEBPB_01	ENSG00000063587	regulate
SOX2_Q3	ENSG00000106331	regulate
BCL6_01	ENSG00000263001	regulate
LXRBRXRA_Q5_01	ENSG00000188171	regulate
HNF3B_01	ENSG00000063438	regulate
BCL6_01	ENSG00000196092	regulate
BCL6_01	ENSG00000137090	regulate
FOXO1ELK3_02	ENSG00000176678	regulate
BCL6_01	ENSG00000160336	regulate
FOXN2_02	ENSG00000171634	regulate
PU1_Q4	ENSG00000092607	regulate
ENSG00000065970	FOXJ2HOXB13_01	protein
BCL6_01	ENSG00000196109	regulate
HDX_01	ENSG00000138795	regulate
ENSG00000112242	E2F_Q6_01	protein
FOXJ2HOXB13_01	ENSG00000159556	regulate
HMGIY_Q3	ENSG00000130522	regulate
ENSG00000204531	OCT4_02	protein
HNF3_Q6_01	ENSG00000132170	regulate
ENSG00000163795	ZNF513_01	protein
EGR1_12	ENSG00000182318	regulate
BCL6_01	ENSG00000105997	regulate
ENSG00000134323	NMYC_01	protein
ENSG00000176399	DMRT4_01	protein
IRX4_01	ENSG00000066336	regulate
HLF_04	ENSG00000109705	regulate
ENSG00000197841	ZNF181_01	protein
ENSG00000170631	ZNF16_03	protein
ENSG00000123364	HOXC13_Q2	protein
HNF3_Q6_01	ENSG00000204531	regulate
AIRE_01	ENSG00000118620	regulate
HNF1_Q6_01	ENSG00000103343	regulate
BCL6_01	ENSG00000185630	regulate
BCL6_01	ENSG00000069667	regulate
ENSG00000169856	HNF6_Q6	protein
FOXO3A_Q3	ENSG00000142700	regulate
DUX4_01	ENSG00000196793	regulate
LMX1B_01	ENSG00000074047	regulate
FOXJ2_01	ENSG00000157554	regulate
PU1_Q4	ENSG00000136367	regulate
PU1_Q4	ENSG00000167840	regulate
ENSG00000119547	HNF6_Q6	protein
ENSG00000105997	HOXA3_02	protein
IRF1_05	ENSG00000168505	regulate
RUNX2_04	ENSG00000198353	regulate
BCL6_01	ENSG00000278129	regulate
POU2F1FOXO6_01	ENSG00000184517	regulate
ENSG00000109906	PLZF_02	protein
BCL6_01	ENSG00000120798	regulate
ENSG00000125398	SOX9_03	protein
BCL6_01	ENSG00000182141	regulate
AR_10	ENSG00000196391	regulate
SATB1_Q3	ENSG00000159216	regulate
BCL6_01	ENSG00000181315	regulate
BCL6_01	ENSG00000105136	regulate
ENSG00000101412	E2F_03	protein
HNF3B_01	ENSG00000188227	regulate
ENSG00000143171	RXRG_02	protein
ONECUT3_01	ENSG00000159387	regulate
CEBP_Q3	ENSG00000121903	regulate
BCL6_01	ENSG00000120093	regulate
CDX_Q5	ENSG00000186496	regulate
HNF3_Q6_01	ENSG00000182141	regulate
ENSG00000119547	ONECUT2_01	protein
DMRT4_01	ENSG00000111206	regulate
NFIL3_03	ENSG00000109705	regulate
IRF1_05	ENSG00000137090	regulate
BCL6_01	ENSG00000185591	regulate
ENSG00000124664	SPDEF_06	protein
HNF3_Q6_01	ENSG00000170653	regulate
BCL6_01	ENSG00000204947	regulate
CUX1FOXO6_01	ENSG00000168610	regulate
BCL6_01	ENSG00000198464	regulate
STAT1_05	ENSG00000162599	regulate
HOXC5_01	ENSG00000118156	regulate
ENSG00000126368	REVERBALPHA_Q6	protein
DMRT5_01	ENSG00000172379	regulate
FOX_Q2	ENSG00000106006	regulate
ENSG00000144852	DR4_Q2	protein
ENSG00000197857	ZNF44_02	protein
ENSG00000143257	DR4_Q2	protein
HNF3_Q6_01	ENSG00000007968	regulate
ENSG00000128645	HOXD1_01	protein
HNF3_Q6_01	ENSG00000197162	regulate
BCL6_01	ENSG00000110777	regulate
CEBPG_Q6	ENSG00000006468	regulate
ENSG00000170345	FOSJUN_03	protein
ENSG00000111145	FOXO1ELK3_02	protein
HNF3_Q6_01	ENSG00000130522	regulate
POU2F1HOXB13_01	ENSG00000185630	regulate
ALX4_05	ENSG00000137309	regulate
ZNF513_01	ENSG00000257923	regulate
HNF3_Q6_01	ENSG00000071564	regulate
PU1_Q4	ENSG00000116132	regulate
ENSG00000182568	SATB1_Q3	protein
ENSG00000150907	FOXO1ELK1_02	protein
HNF3_Q6_01	ENSG00000180035	regulate
BCL6_01	ENSG00000187792	regulate
ENSG00000052850	ALX4EOMES_01	protein
CEBPB_02	ENSG00000134107	regulate
BCL6_01	ENSG00000118156	regulate
ELK1EVX1_01	ENSG00000139352	regulate
NOR1_02	ENSG00000121406	regulate
BCL6_01	ENSG00000152433	regulate
ONECUT2_01	ENSG00000159387	regulate
LXR_Q6	ENSG00000230797	regulate
BCL6_01	ENSG00000012048	regulate
BCL6_01	ENSG00000099326	regulate
K2B_01	ENSG00000016082	regulate
BCL6_01	ENSG00000170653	regulate
LXRBRXRA_Q5_01	ENSG00000182986	regulate
BCL6_01	ENSG00000180035	regulate
ZNF228_01	ENSG00000196705	regulate
IRF1_05	ENSG00000105419	regulate
ENSG00000150907	FOXO1_06	protein
ENSG00000152284	TCF3_01	protein
FOXO3_03	ENSG00000016082	regulate
ZNF132_03	ENSG00000085644	regulate
SOX11_Q6	ENSG00000161405	regulate
AR_Q6_01	ENSG00000157554	regulate
IRF1_05	ENSG00000267508	regulate
LXRBRXRA_Q5_01	ENSG00000101096	regulate
T3RBETA_Q6_01	ENSG00000189420	regulate
LMX1B_01	ENSG00000118156	regulate
BCL6_01	ENSG00000198963	regulate
BCL6_01	ENSG00000196670	regulate
ENSG00000071564	ETV2TCF3_01	protein
ENSG00000204947	ZNF425_04	protein
MEIS1SOX2_01	ENSG00000171425	regulate
ENSG00000137203	TFAP2A_02	protein
BCL6_01	ENSG00000135457	regulate
HMGIY_Q3	ENSG00000159915	regulate
FOXJ2_01	ENSG00000186951	regulate
BCL6_01	ENSG00000198538	regulate
HOXD1_01	ENSG00000186951	regulate
ERFDLX3_01	ENSG00000172818	regulate
HNF4A_06	ENSG00000124782	regulate
IRF4_Q5	ENSG00000162714	regulate
RUNX2_04	ENSG00000120784	regulate
ERFFOXI1_02	ENSG00000176678	regulate
ENSG00000143390	TEAD4RFX5_01	protein
IRF1_Q5	ENSG00000182318	regulate
CRX_Q6	ENSG00000134317	regulate
HNF3_Q6_01	ENSG00000180532	regulate
ENSG00000185551	DR4_Q2	protein
FOXO1ELK1_02	ENSG00000176678	regulate
ENSG00000257923	CDP_Q6_01	protein
ENSG00000171056	SOX7_07	protein
T3RBETA_Q6_01	ENSG00000182986	regulate
HNF3B_01	ENSG00000157554	regulate
FOXJ2_01	ENSG00000135625	regulate
ENSG00000131849	ZNF132_03	protein
HNF4A_Q6_01	ENSG00000135373	regulate
ENSG00000253293	FOXO1HOXA10_01	protein
BCL6_01	ENSG00000162924	regulate
ENSG00000143995	MEIS1BHOXA9_02	protein
LXRBRXRA_Q5_01	ENSG00000025434	regulate
MAF_Q6	ENSG00000087510	regulate
TAL1_01	ENSG00000178913	regulate
HNF3_Q6_01	ENSG00000221923	regulate
SOX9_09	ENSG00000178665	regulate
EGR1_12	ENSG00000197841	regulate
BCL6_01	ENSG00000188227	regulate
K2B_01	ENSG00000113430	regulate
FREAC7_01	ENSG00000196458	regulate
BCL6_01	ENSG00000133111	regulate
FOXJ2_01	ENSG00000196456	regulate
IRF1_05	ENSG00000147140	regulate
HNF3_Q6_01	ENSG00000143390	regulate
ENSG00000189190	ZNF600_02	protein
ENSG00000143257	DR3_Q4	protein
COUPTF_Q6	ENSG00000157429	regulate
RXRG_03	ENSG00000124782	regulate
DLX3_Q3	ENSG00000159387	regulate
LMX1B_01	ENSG00000119138	regulate
ENSG00000169057	MECP2_Q4_01	protein
E4BP4_01	ENSG00000064195	regulate
BCL6_01	ENSG00000159216	regulate
HOXC8_01	ENSG00000198807	regulate
HOXA3_02	ENSG00000149948	regulate
IRF1_05	ENSG00000125850	regulate
ENSG00000185630	PBX1_10	protein
FREAC7_01	ENSG00000081665	regulate
LMX1B_01	ENSG00000029153	regulate
IRF1_05	ENSG00000135111	regulate
S8_02	ENSG00000186951	regulate
ENSG00000170608	HNF3_Q6_01	protein
HOXC8_01	ENSG00000160094	regulate
HNF3_Q6_01	ENSG00000197008	regulate
ENSG00000179195	ZNF664_01	protein
LMX1B_01	ENSG00000167840	regulate
EGR1_16	ENSG00000130522	regulate
CRX_Q6	ENSG00000105708	regulate
ZNF234_01	ENSG00000177468	regulate
ENSG00000116833	LRH1_Q6	protein
ENSG00000137273	FOX_Q2	protein
MEIS1SOX2_01	ENSG00000213015	regulate
HOXC8_01	ENSG00000169057	regulate
CDX_Q5	ENSG00000168505	regulate
HNF1_Q6	ENSG00000188171	regulate
ENSG00000125798	HNF3_Q6_01	protein
HNF3_Q6_01	ENSG00000171574	regulate
HNF3_Q6_01	ENSG00000196267	regulate
BCL6_01	ENSG00000130844	regulate
FOXJ2_01	ENSG00000167840	regulate
BCL6_01	ENSG00000101412	regulate
ZNF213_01	ENSG00000108788	regulate
BCL6_01	ENSG00000171469	regulate
HNF3_Q6_01	ENSG00000107249	regulate
E2F_Q6_01	ENSG00000269699	regulate
LXRBRXRA_Q5_01	ENSG00000168610	regulate
ENSG00000144852	DR3_Q4	protein
LXRBRXRA_Q5_01	ENSG00000106290	regulate
COUPTF_Q6	ENSG00000107485	regulate
ENSG00000159184	HOXB13_01	protein
IRF1_05	ENSG00000198963	regulate
HNF3_Q6_01	ENSG00000083812	regulate
ER_Q6	ENSG00000176222	regulate
HOXC8_01	ENSG00000074047	regulate
IRF1_05	ENSG00000181315	regulate
BCL6_01	ENSG00000186951	regulate
AR_Q6_01	ENSG00000163666	regulate
ENSG00000162599	MYOGNF1_01	protein
FOXJ2_01	ENSG00000242779	regulate
HOXB2SOX15_01	ENSG00000175213	regulate
ENSG00000150907	FOXO1SPDEF_01	protein
ENSG00000124813	RUNX2_04	protein
MEIS1DLX2_01	ENSG00000213020	regulate
LMX1B_01	ENSG00000160352	regulate
IRF1_05	ENSG00000186496	regulate
ENSG00000113722	CDX_Q5	protein
CRX_Q6	ENSG00000121406	regulate
HOXD10_01	ENSG00000175322	regulate
IRF1_05	ENSG00000133111	regulate
IRF1_05	ENSG00000128573	regulate
ENSG00000186350	LXR_Q6	protein
CEBP_Q3	ENSG00000196418	regulate
ENSG00000054598	FOXC1_03	protein
ENSG00000085644	ZNF213_01	protein
AIRE_01	ENSG00000107249	regulate
MEIS1DLX2_01	ENSG00000124813	regulate
ENSG00000112242	E2F3EOMES_01	protein
HOXC13_01	ENSG00000106459	regulate
ZNF425_04	ENSG00000143171	regulate
BCL6_01	ENSG00000160094	regulate
HOXD1_01	ENSG00000160094	regulate
ENSG00000204519	ZNF551_02	protein
SOX6TBX21_01	ENSG00000114315	regulate
FOXJ2_01	ENSG00000163666	regulate
RARG_03	ENSG00000167394	regulate
ENSG00000257923	CUX1FOXO1_01	protein
ZNF181_01	ENSG00000110851	regulate
FOXO6_01	ENSG00000016082	regulate
AIRE_02	ENSG00000073282	regulate
TCF11_01	ENSG00000166949	regulate
POU5F1_04	ENSG00000166211	regulate
HNF3_Q6_01	ENSG00000103199	regulate
SOX2_Q3	ENSG00000134107	regulate
BCL6_01	ENSG00000169136	regulate
HMGIY_Q3	ENSG00000169136	regulate
HNF3_Q6_01	ENSG00000147140	regulate
IRF1_05	ENSG00000213020	regulate
E2F_Q6_01	ENSG00000198300	regulate
CUX1RFX5_01	ENSG00000134532	regulate
ENSG00000171056	SOX7_06	protein
POU2F1FOXO6_01	ENSG00000159556	regulate
LXR_Q6	ENSG00000131061	regulate
SOX11_Q6	ENSG00000167766	regulate
IRF1_05	ENSG00000180035	regulate
S8_01	ENSG00000043039	regulate
GCM1ELK3_01	ENSG00000169856	regulate
ENSG00000054598	FREAC3_01	protein
LXRBRXRA_Q5_01	ENSG00000124766	regulate
ENSG00000173917	HOXB2SOX15_01	protein
ENSG00000167625	ZNF526_02	protein
ENSG00000130522	JUND_03	protein
FOXO1HOXA10_01	ENSG00000197579	regulate
BCL6_01	ENSG00000180532	regulate
IRF1_05	ENSG00000025434	regulate
HOXB6_01	ENSG00000197905	regulate
LMX1B_01	ENSG00000143437	regulate
MEIS1HOXB13_01	ENSG00000179456	regulate
IRF1_05	ENSG00000189190	regulate
HNF3_Q6_01	ENSG00000198466	regulate
S8_01	ENSG00000074047	regulate
BCL6_01	ENSG00000183850	regulate
HNF3B_01	ENSG00000198551	regulate
IRX5_01	ENSG00000092607	regulate
BCL6_01	ENSG00000197385	regulate
CDX_Q5	ENSG00000176371	regulate
FOXJ2_01	ENSG00000213762	regulate
HOXD10_01	ENSG00000075891	regulate
BCL6_01	ENSG00000196605	regulate
ENSG00000171634	FAC1_01	protein
BCL6_01	ENSG00000132170	regulate
FOXJ2_01	ENSG00000186812	regulate
ENSG00000167157	S8_01	protein
FOX_Q2	ENSG00000123358	regulate
ENSG00000170581	STAT_Q6	protein
ONECUT3_01	ENSG00000124782	regulate
ENSG00000100219	HTF_01	protein
FOXJ2_01	ENSG00000196793	regulate
HOXC8_01	ENSG00000185630	regulate
BCL6_01	ENSG00000126368	regulate
HNF3_Q6_01	ENSG00000150907	regulate
BCL6_01	ENSG00000159184	regulate
ISL2_01	ENSG00000095794	regulate
ENSG00000165030	NFIL3_03	protein
FOXJ2_01	ENSG00000085276	regulate
ENSG00000162367	TAL1_01	protein
PITX1TBX21_01	ENSG00000129535	regulate
HNF3_Q6_01	ENSG00000263001	regulate
ENSG00000108924	HLF_04	protein
ALX3_04	ENSG00000196793	regulate
HNF3_Q6_01	ENSG00000164683	regulate
ENSG00000134317	GRHL1_01	protein
AR_Q6_01	ENSG00000109705	regulate
PLZF_02	ENSG00000163884	regulate
ENSG00000106031	HOXA13_03	protein
ENSG00000111145	GCM1ELK3_01	protein
HNF4GAMMA_01	ENSG00000106290	regulate
HNF3_Q6_01	ENSG00000143365	regulate
ENSG00000125798	HNF3B_01	protein
HOXD1_01	ENSG00000118156	regulate
ZNF300_01	ENSG00000171291	regulate
PRDM16_01	ENSG00000178665	regulate
ENSG00000116132	K2B_01	protein
BCL6_01	ENSG00000143365	regulate
HNF3_Q6_01	ENSG00000143995	regulate
PU1_Q4	ENSG00000249709	regulate
ENSG00000160113	NR2F6_01	protein
PU1_Q4	ENSG00000196092	regulate
FOXO1SPDEF_01	ENSG00000196458	regulate
BCL6_01	ENSG00000204531	regulate
CUX1SOX15_01	ENSG00000128573	regulate
ENSG00000186350	LXRDR4_Q3	protein
BCL6_01	ENSG00000158711	regulate
HNF3B_01	ENSG00000077463	regulate
BCL6_01	ENSG00000180626	regulate
EGR1_16	ENSG00000085276	regulate
ENSG00000125347	IRF1_05	protein
ZNF594_03	ENSG00000205922	regulate
FOXJ2_01	ENSG00000170345	regulate
HMGIY_Q3	ENSG00000170954	regulate
ALX4_05	ENSG00000168779	regulate
BCL6_01	ENSG00000162086	regulate
HOXC8_01	ENSG00000043039	regulate
ETV2EOMES_03	ENSG00000168779	regulate
BCL6_01	ENSG00000198521	regulate
STAT_Q6	ENSG00000203326	regulate
CRX_Q6	ENSG00000106290	regulate
ALX3_01	ENSG00000138738	regulate
BCL6_01	ENSG00000143437	regulate
STAT_Q6	ENSG00000168505	regulate
CUX1SOX15_01	ENSG00000116132	regulate
ENSG00000175329	ISX_03	protein
IRF1_05	ENSG00000140262	regulate
ENSG00000257923	CUX1FOXO6_01	protein
ENSG00000150907	FOXO1HOXA10_01	protein
ZBTB18_01	ENSG00000142700	regulate
IRF1_05	ENSG00000006468	regulate
ENSG00000186564	FOXD2_04	protein
BCL6_01	ENSG00000204604	regulate
BCL6_01	ENSG00000120149	regulate
ZNF382_02	ENSG00000132170	regulate
POU2F1TBX21_01	ENSG00000102935	regulate
HNF3_Q6_01	ENSG00000103343	regulate
HNF1_Q6	ENSG00000121068	regulate
PU1_Q4	ENSG00000198146	regulate
ENSG00000091831	ERALPHA_Q4	protein
BCL6_01	ENSG00000167554	regulate
ENSG00000106031	MEIS1HOXA13_01	protein
HNF3_Q6_01	ENSG00000198464	regulate
FOX_Q2	ENSG00000171649	regulate
BCL6_01	ENSG00000102554	regulate
FOXD2_01	ENSG00000122034	regulate
BCL6_01	ENSG00000043039	regulate
BCL6_01	ENSG00000106571	regulate
BCL6_01	ENSG00000197372	regulate
ENSG00000180806	HOXC9_01	protein
HNF3B_01	ENSG00000128573	regulate
FOXJ2_01	ENSG00000137090	regulate
HNF3_Q6_01	ENSG00000184939	regulate
FOXC1_02	ENSG00000213762	regulate
ENSG00000125398	SOX9_09	protein
BCL6_01	ENSG00000152439	regulate
HNF3_Q6_01	ENSG00000188227	regulate
HNF3_Q6_01	ENSG00000183850	regulate
ENSG00000159184	MEIS1HOXB13_01	protein
ENSG00000106006	HOXA6_01	protein
BCL6_01	ENSG00000175213	regulate
ENSG00000100219	XBP1_01	protein
ENSG00000163508	ETV2EOMES_03	protein
RXRA_05	ENSG00000124782	regulate
MEIS1AHOXA9_01	ENSG00000197857	regulate
ENSG00000198963	RORB_03	protein
BCL6_01	ENSG00000173253	regulate
CARRXR_Q2	ENSG00000100219	regulate
IRF1_05	ENSG00000137203	regulate
CEBPB_01	ENSG00000137947	regulate
ENSG00000141905	MYOGNF1_01	protein
PRRX1_03	ENSG00000137309	regulate
MXI1_01	ENSG00000176842	regulate
ENSG00000181449	POU2F1SOX2_01	protein
E2F_03	ENSG00000134323	regulate
BCL6_01	ENSG00000260027	regulate
BCL6_01	ENSG00000157429	regulate
ENSG00000119508	NOR1_02	protein
TCF3_01	ENSG00000186951	regulate
DR3_Q4	ENSG00000198040	regulate
IRF1_05	ENSG00000143995	regulate
FOXC1_02	ENSG00000170345	regulate
HNF3_Q6_01	ENSG00000012504	regulate
HNF3B_01	ENSG00000134323	regulate
ZNF44_02	ENSG00000148200	regulate
FOXJ2_01	ENSG00000119866	regulate
GCNF_01	ENSG00000159184	regulate
ENSG00000182141	ZNF708_02	protein
FOXC1_02	ENSG00000197128	regulate
ENSG00000105722	ERFDLX2_01	protein
HOXC8_01	ENSG00000102554	regulate
CDP_Q6_01	ENSG00000105136	regulate
SOX7_07	ENSG00000138738	regulate
CRX_Q6	ENSG00000186814	regulate
HOXB7_01	ENSG00000130844	regulate
BCL6_01	ENSG00000095794	regulate
HNF3_Q6_01	ENSG00000186951	regulate
ISX_03	ENSG00000137309	regulate
ENSG00000186350	RXRA_05	protein
ENSG00000204060	POU2F1FOXO6_01	protein
PAX4_04	ENSG00000198040	regulate
LXRBRXRA_Q5_01	ENSG00000185630	regulate
BCL6_01	ENSG00000197008	regulate
ZNF695_02	ENSG00000132170	regulate
ZNF708_02	ENSG00000164749	regulate
BCL6_01	ENSG00000176678	regulate
ZNF553_02	ENSG00000136535	regulate
ENSG00000082641	NFE2L1_Q5	protein
BCL6_01	ENSG00000085644	regulate
BCL6_01	ENSG00000196418	regulate
ENSG00000037965	HOXC8_01	protein
SOX21_07	ENSG00000161298	regulate
HOXC13_Q2	ENSG00000187098	regulate
JUND_03	ENSG00000182986	regulate
SOX2_Q3	ENSG00000164683	regulate
FOXJ2_01	ENSG00000178665	regulate
FOXD2_01	ENSG00000143621	regulate
BCL6_01	ENSG00000170365	regulate
ENSG00000253293	HOXA10_01	protein
BCL6_01	ENSG00000197472	regulate
ENSG00000170345	FOS_09	protein
ZNF16_03	ENSG00000132170	regulate
ZNF526_02	ENSG00000152439	regulate
BCL6_01	ENSG00000124782	regulate
LXR_Q6	ENSG00000177030	regulate
HNF3B_01	ENSG00000171469	regulate
RXRRAR_01	ENSG00000077092	regulate
ENSG00000113916	BCL6_01	protein
RXRPXR_Q2	ENSG00000120149	regulate
CDX_Q5	ENSG00000196456	regulate
HFH4_01	ENSG00000150907	regulate
ENSG00000135625	KROX_Q6	protein
HOXA10_01	ENSG00000159387	regulate
FREAC7_01	ENSG00000103199	regulate
RORB_03	ENSG00000249709	regulate
CUX1FOXO6_01	ENSG00000143171	regulate
BCL6_01	ENSG00000108924	regulate
IRF1_05	ENSG00000143390	regulate
HNF3_Q6_01	ENSG00000118156	regulate
FREAC7_01	ENSG00000187098	regulate
ENSG00000186350	DR3_Q4	protein
HOXC5_01	ENSG00000113430	regulate
FOXJ2_01	ENSG00000069667	regulate
RUNX2_04	ENSG00000160352	regulate
POU2F1SOX2_01	ENSG00000121903	regulate
FOXJ2ELF1_01	ENSG00000176678	regulate
BCL6_01	ENSG00000198807	regulate
HNF3_Q6_01	ENSG00000165821	regulate
HNF1B_Q6	ENSG00000186951	regulate
HNF3B_01	ENSG00000101115	regulate
BCL6_01	ENSG00000188868	regulate
ENSG00000119547	HOXB13ONECUT2_01	protein
HNF3ALPHA_Q6	ENSG00000103343	regulate
E4BP4_01	ENSG00000185252	regulate
BCL6_01	ENSG00000065970	regulate
IRF1_05	ENSG00000131849	regulate
ENSG00000257923	CUX1RFX5_01	protein
KROX_Q6	ENSG00000125347	regulate
TEAD4DLX3_01	ENSG00000213762	regulate
ENSG00000176692	FOXC2_01	protein
IRF_Q4	ENSG00000182318	regulate
ENSG00000101076	HNF4A_Q6_01	protein
BCL6_01	ENSG00000179456	regulate
GCM2DLX2_01	ENSG00000115844	regulate
COUPTF_Q6	ENSG00000119547	regulate
CRX_Q6	ENSG00000132170	regulate
BCL6_01	ENSG00000213015	regulate
ENSG00000150907	FOXO1ETV4_02	protein
HNF3_Q6_01	ENSG00000167554	regulate
AML_Q6	ENSG00000197162	regulate
FREAC7_01	ENSG00000137090	regulate
FOXC1_03	ENSG00000145908	regulate
