Node	Type
ENSG00000106006	gene
ENSG00000106004	gene
DRGX_01	protein
ENSG00000189298	gene
ENSG00000198093	gene
ENSG00000205903	gene
ZNF282_01	protein
ENSG00000163884	gene
ENSG00000102908	gene
ENSG00000185122	gene
ENSG00000168036	gene
ENSG00000185129	gene
GSC_01	protein
ENSG00000131115	gene
HOXD10_01	protein
AMYB_01	protein
TEAD4DLX3_01	protein
HNF1B_Q6_01	protein
ENSG00000171532	gene
ENSG00000156150	gene
TEAD4DLX2_01	protein
AREB6_01	protein
ENSG00000178573	gene
FOXD3_04	protein
ZNF135_03	protein
ZNF135_01	protein
ZNF788_01	protein
ENSG00000147596	gene
CEBPE_Q6	protein
ERFFOXI1_02	protein
ENSG00000266265	gene
ENSG00000251369	gene
SREBF1_02	protein
ENSG00000083828	gene
ENSG00000102870	gene
ENSG00000064490	gene
ENSG00000131759	gene
ENSG00000198521	gene
ENSG00000128000	gene
ENSG00000168505	gene
ENSG00000185947	gene
ENSG00000043355	gene
SOX8_08	protein
ENSG00000167232	gene
ENSG00000131931	gene
CEBPG_Q6	protein
MXI1_01	protein
ENSG00000118260	gene
ENSG00000197587	gene
POU2F1SOX2_01	protein
ENSG00000069399	gene
HAND1E47_01	protein
CUX1FOXI1_01	protein
NR4A2_03	protein
ENSG00000168348	gene
ENSG00000167528	gene
ENSG00000054598	gene
ENSG00000066136	gene
ENSG00000168610	gene
ENSG00000105722	gene
ENSG00000275111	gene
ZFP192_02	protein
POU2F1ELK1_01	protein
ARNTLBHLHA15_01	protein
ENSG00000162599	gene
ENSG00000152926	gene
ENSG00000152433	gene
P53_03	protein
GCNF_01	protein
ENSG00000141510	gene
SNA_Q4	protein
ENSG00000029363	gene
ENSG00000152439	gene
ENSG00000139651	gene
JUNDFOS_01	protein
ENSG00000135100	gene
ENSG00000249459	gene
JUND_03	protein
ENSG00000067646	gene
ENSG00000186446	gene
JUND_05	protein
ENSG00000187140	gene
ENSG00000185610	gene
ENSG00000172262	gene
ENSG00000143355	gene
ENSG00000169926	gene
BETACATENIN_Q6	protein
ERFSREBF2_02	protein
ENSG00000073861	gene
ENSG00000186814	gene
ENSG00000129514	gene
LHX9_04	protein
ENSG00000186812	gene
ENSG00000214029	gene
ENSG00000183733	gene
ENSG00000186564	gene
LHX9_01	protein
PLZFB_Q3	protein
P63_01	protein
LXRBRXRA_Q5_01	protein
ENSG00000119138	gene
HNF4A_Q3	protein
ENSG00000125945	gene
ZNF335_01	protein
PRDM15_03	protein
POU2F1GSC2_01	protein
NKX63_01	protein
PRDM15_04	protein
ENSG00000066422	gene
PR_01	protein
PR_02	protein
ENSG00000121406	gene
ENSG00000172468	gene
ENSG00000067082	gene
ELK1PAX9_01	protein
ERFHOXA3_01	protein
NKX61_03	protein
NKX61_02	protein
NKX61_01	protein
ENSG00000153879	gene
TGIF2_01	protein
PRDM5_02	protein
ENSG00000164651	gene
MEIS1HOXB13_01	protein
ENSG00000119919	gene
SPDEF_06	protein
SC1_01	protein
ENSG00000189042	gene
IPF1_05	protein
IPF1_06	protein
TFAP4FLI1_01	protein
ZNF311_02	protein
ENSG00000101115	gene
ZNF682_02	protein
ENSG00000126767	gene
CUX1TBX21_01	protein
ZNF213_01	protein
ENSG00000269404	gene
ENSG00000130182	gene
ENSG00000072736	gene
ENSG00000196152	gene
ENSG00000081386	gene
ENSG00000154957	gene
BTEB3_Q5	protein
HNF3ALPHA_Q6	protein
ENSG00000164093	gene
ENSG00000180884	gene
ENSG00000213020	gene
ENSG00000164256	gene
ENSG00000184895	gene
ENSG00000140009	gene
HNF1A_01	protein
HNF1A_03	protein
COE2_02	protein
ENSG00000170100	gene
ENSG00000197008	gene
ENSG00000170370	gene
ENSG00000198795	gene
ENSG00000197779	gene
ENSG00000197951	gene
ENSG00000175395	gene
ENSG00000113430	gene
ZNF75_01	protein
ENSG00000007866	gene
ENSG00000151702	gene
NR2C2_01	protein
ENSG00000100644	gene
ENSG00000117010	gene
ENSG00000075426	gene
ENSG00000124216	gene
ENSG00000175213	gene
ENSG00000167685	gene
ZNF594_03	protein
ERR1_Q3	protein
ERR1_Q2	protein
SIX3_Q6	protein
ENSG00000160973	gene
SRF_Q4	protein
TEAD4ESRRB_01	protein
ZNF358_02	protein
ENSG00000103199	gene
ENSG00000229544	gene
TEAD4SOX15_01	protein
ENSG00000113722	gene
ENSG00000135373	gene
ZNF528_02	protein
ENSG00000140262	gene
ENSG00000140265	gene
HNF4_Q6_01	protein
HNF4_Q6_04	protein
HSF1_Q6	protein
HSF1_Q5	protein
ENSG00000177551	gene
ALX4EOMES_01	protein
ENSG00000124459	gene
ENSG00000174197	gene
HTF_01	protein
ENSG00000181638	gene
ENSG00000187815	gene
ZNF431_02	protein
ENSG00000143067	gene
ENSG00000105866	gene
CUX1NHLH1_02	protein
ENSG00000165804	gene
ENSG00000198538	gene
HOXB2NHLH1_03	protein
MAFG_01	protein
ENSG00000143842	gene
SREBP_Q3	protein
ENSG00000109381	gene
ENSG00000198393	gene
ENSG00000166337	gene
SP2_Q3	protein
ENSG00000177732	gene
ZNF700_03	protein
ENSG00000204611	gene
ENSG00000179348	gene
DBX1_01	protein
ENSG00000176399	gene
ZNF782_03	protein
ZNF782_02	protein
CRX_Q4	protein
PITX1_Q4	protein
CRX_Q6	protein
ENSG00000135625	gene
ENSG00000147140	gene
ENSG00000105261	gene
ENSG00000069011	gene
HSF1_Q6_01	protein
HIC2_03	protein
CUX1RFX5_01	protein
THAP1_01	protein
AMEF2_Q6	protein
HNF1B_Q6	protein
ENSG00000105732	gene
ENSG00000084093	gene
ENSG00000105610	gene
ENSG00000186951	gene
MEIS1BHOXA9_02	protein
ENSG00000109705	gene
RARG_Q3	protein
ZFP_05	protein
ENSG00000070476	gene
ENSG00000177606	gene
ISX_03	protein
ZNF410_01	protein
DAX1_01	protein
ENSG00000122180	gene
ENSG00000128713	gene
PHOX2A_02	protein
ZNF607_02	protein
ZFP206_04	protein
ZFP206_05	protein
ENSG00000105136	gene
ENSG00000221818	gene
ENSG00000153266	gene
ENSG00000215343	gene
ENSG00000213799	gene
ZNF701_02	protein
ZNF701_01	protein
ENSG00000165684	gene
ENSG00000173253	gene
ENSG00000187559	gene
ZNF585B_03	protein
ENSG00000177045	gene
ENSG00000152443	gene
ENSG00000173258	gene
TEAD4ALX4_01	protein
TAL1_01	protein
AML_Q6	protein
TBX22_01	protein
ENSG00000197050	gene
TBX22_02	protein
ENSG00000161551	gene
ENSG00000139800	gene
ETS_B	protein
ETV5EOMES_01	protein
ZNF569_03	protein
ENSG00000125952	gene
ENSG00000165462	gene
CUX1_06	protein
ENSG00000172819	gene
ENSG00000172818	gene
EN2_01	protein
COUPTF_Q6	protein
ENSG00000188868	gene
ENSG00000112592	gene
ENSG00000160685	gene
ENSG00000116017	gene
ENSG00000116016	gene
ZNF513_01	protein
HOXA13_03	protein
TCF11_01	protein
NFKB1_Q4	protein
ENSG00000229809	gene
AR_Q6_01	protein
CDC5_01	protein
ENSG00000129194	gene
CDP_Q6_01	protein
ENSG00000154727	gene
ENSG00000275410	gene
ENSG00000173039	gene
ZNF605_01	protein
ZNF605_02	protein
ENSG00000107175	gene
ENSG00000235608	gene
ENSG00000118263	gene
OCT_C	protein
ENSG00000170608	gene
ZNF280B_01	protein
ENSG00000203883	gene
ZNF79_02	protein
ENSG00000196946	gene
HOXA6_01	protein
HOXD12HOXA3_01	protein
ENSG00000223547	gene
ENSG00000197782	gene
ENSG00000197780	gene
ENSG00000128573	gene
SCRT1_01	protein
PAX4_Q2	protein
ENSG00000185551	gene
ZNF419_01	protein
ENSG00000197013	gene
ENSG00000197016	gene
PITX1TBX21_01	protein
DELTAEF1_01	protein
ZNF823_02	protein
REVERBALPHA_Q6	protein
ENSG00000171649	gene
ZIC3_06	protein
EAR2_Q2	protein
EAR2_Q4	protein
NFIB_01	protein
ENSG00000175387	gene
ELK1SPDEF_01	protein
MEIS1HOXA13_01	protein
ENSG00000039600	gene
ENSG00000140307	gene
HOXA11_01	protein
ENSG00000256771	gene
ERBETA_Q5_01	protein
ENSG00000129173	gene
MEIS1SOX2_01	protein
MAFK_08	protein
ZNF81_03	protein
ENSG00000171469	gene
MECP2_01	protein
ENSG00000161940	gene
ENSG00000198176	gene
DMRT4_01	protein
ENSG00000181135	gene
ENSG00000174963	gene
NR3C2_01	protein
ENSG00000180479	gene
HOXA4_01	protein
GCM2DLX3_01	protein
LXR_Q6	protein
ENSG00000197162	gene
GATA1_04	protein
ENSG00000109132	gene
ENSG00000198342	gene
ENSG00000167034	gene
ENSG00000198346	gene
HOXA3_02	protein
ENSG00000064835	gene
ENSG00000096654	gene
ENSG00000230257	gene
ENSG00000082641	gene
ENSG00000105856	gene
ZNF21_02	protein
ENSG00000187801	gene
HOXA2_01	protein
EN1_02	protein
ENSG00000183850	gene
GATA4_Q3	protein
EN1_08	protein
ESX1_01	protein
ENSG00000135903	gene
ENSG00000131264	gene
ENSG00000283515	gene
ENSG00000240225	gene
ENSG00000183072	gene
ERFFIGLA_01	protein
ENSG00000204604	gene
ENSG00000255073	gene
ENSG00000088876	gene
HSF4_01	protein
TBX5_Q2	protein
PRRX2_05	protein
ENSG00000126746	gene
ENSG00000135638	gene
ENSG00000178913	gene
ENSG00000163666	gene
ENSG00000171425	gene
ENSG00000163848	gene
ENSG00000174652	gene
ENSG00000105708	gene
ENSG00000127152	gene
ENSG00000133794	gene
ENSG00000198105	gene
ENSG00000070444	gene
ENSG00000204779	gene
ENSG00000012223	gene
ENSG00000059728	gene
BARHL1_01	protein
ENSG00000249471	gene
ENSG00000118620	gene
ENSG00000162624	gene
ENSG00000057657	gene
ENSG00000185960	gene
ZNF286B_01	protein
ENSG00000185630	gene
ENSG00000144792	gene
CMYB_Q5	protein
ENSG00000148200	gene
COS52_02	protein
COS52_01	protein
ENSG00000137185	gene
ZNF721_05	protein
ENSG00000126561	gene
PRRX1_03	protein
MOX1_01	protein
ZNF514_01	protein
RPC155_01	protein
ENSG00000171466	gene
CEBPB_02	protein
CEBPB_01	protein
HOXD13_01	protein
PITX3_Q3_01	protein
LEF1_07	protein
LEF1_05	protein
ENSG00000148516	gene
IRF1_01	protein
ENSG00000165417	gene
EBF1_03	protein
IRF1_05	protein
ENSG00000126368	gene
ENSG00000128710	gene
ENSG00000166478	gene
ENSG00000128714	gene
ZNF510_01	protein
ENSG00000005801	gene
ZNF471_01	protein
BCL6_01	protein
ENSG00000165891	gene
ENSG00000141646	gene
ENSG00000119574	gene
ENSG00000186051	gene
ENSG00000173757	gene
HFH4_01	protein
ENSG00000196793	gene
HOXC5_01	protein
ENSG00000196826	gene
ENSG00000167766	gene
VDR_Q3	protein
ENSG00000165259	gene
ENSG00000158691	gene
ENSG00000198081	gene
ENSG00000130699	gene
ENSG00000186496	gene
ENSG00000159184	gene
ETV2DRGX_01	protein
ENSG00000063587	gene
ZFX_01	protein
ZFX_04	protein
GCM2SOX15_01	protein
MGA_03	protein
NFE2L1_Q5	protein
ENSG00000170631	gene
ENSG00000196172	gene
ETV2HES7_03	protein
ENSG00000100393	gene
ETV2PITX1_01	protein
ENSG00000061455	gene
ENSG00000196482	gene
SOX1_09	protein
ENSG00000089116	gene
KLF15_Q2	protein
ENSG00000090447	gene
ENSG00000148737	gene
FOXO1ELK1_02	protein
IRX4_01	protein
BRACH_02	protein
ENSG00000088038	gene
ENSG00000197576	gene
ENSG00000197579	gene
HOX13_01	protein
ERFETV7_01	protein
MASH1_Q6_01	protein
ENSG00000197757	gene
HOXC4_01	protein
ENSG00000082258	gene
ENSG00000006468	gene
ENSG00000097007	gene
HESX1_02	protein
BATF_04	protein
ENSG00000075407	gene
ENSG00000197372	gene
ZNF705A_01	protein
ENSG00000161405	gene
FXRRXR_Q5	protein
ENSG00000087510	gene
ENSG00000125618	gene
IRF7_04	protein
ENSG00000185155	gene
SF1_Q5	protein
POU5F1_08	protein
ENSG00000198429	gene
ENSG00000177030	gene
CEBP_01	protein
ETS1_B	protein
ENSG00000177463	gene
ENSG00000103449	gene
ENSG00000160224	gene
ENSG00000089335	gene
ENSG00000160229	gene
ENSG00000151615	gene
ENSG00000016082	gene
ENSG00000012504	gene
ENSG00000106459	gene
CUX1FOXO6_01	protein
MEF2_04	protein
ENSG00000111704	gene
MEF2_03	protein
MEF2_01	protein
MIXL1_02	protein
MIXL1_01	protein
ENSG00000118689	gene
POU5F1_04	protein
ENSG00000168779	gene
ENSG00000175592	gene
ENSG00000198517	gene
ENSG00000088881	gene
ENSG00000106038	gene
NF1_Q6_01	protein
SOX5_07	protein
ENSG00000106031	gene
FIZ1_01	protein
CTCF_03	protein
ENSG00000062370	gene
ENSG00000147180	gene
HNF1B_07	protein
ERR2_Q3	protein
NEUROD2_01	protein
SOX7_07	protein
SOX7_06	protein
SOX7_05	protein
ENSG00000111145	gene
HOXC8_01	protein
ZID_01	protein
AML1_Q4_02	protein
AR_01	protein
ENSG00000168310	gene
FOXJ3_09	protein
FOXJ3_08	protein
ENSG00000177842	gene
ZNF521_03	protein
ENSG00000136352	gene
ENSG00000166261	gene
ENSG00000179111	gene
ZBTB34_01	protein
ENSG00000099326	gene
MRG2_01	protein
ENSG00000139687	gene
ENSG00000106852	gene
MEF2A_06	protein
MEF2A_05	protein
HNF4A_05	protein
HNF4A_06	protein
HNF4A_07	protein
ENSG00000176222	gene
HNF4A_03	protein
ENSG00000181472	gene
MEOX2_02	protein
MEOX2_03	protein
ENSG00000095794	gene
E4F1_02	protein
COUPTF2_Q6	protein
ENSG00000165066	gene
RFX1_Q6	protein
FLI1FIGLA_01	protein
HNF3_Q6	protein
ENSG00000114861	gene
ENSG00000188283	gene
PITX2_Q2	protein
ZBTB33_05	protein
ENSG00000180053	gene
ENSG00000182944	gene
ENSG00000179388	gene
CEBP_C	protein
HNF1_Q6	protein
ENSG00000138795	gene
ENSG00000136574	gene
ENSG00000018869	gene
RSRFC4_01	protein
ENSG00000126351	gene
ENSG00000128709	gene
ENSG00000025434	gene
CHOP_01	protein
CEBPA_Q4	protein
IRF2_Q6	protein
CEBPA_Q6	protein
ENSG00000157613	gene
COE1_Q6	protein
NMYC_01	protein
ENSG00000186448	gene
ENSG00000196767	gene
ENSG00000164683	gene
ENSG00000154832	gene
CDX2_01	protein
ENSG00000196812	gene
FOXO3_01	protein
FOXO3_03	protein
FOXO3_05	protein
ENSG00000164330	gene
ETV2HOXA2_02	protein
ETV2SOX15_04	protein
ENSG00000260596	gene
HLF_04	protein
HOXB2PAX9_01	protein
ENSG00000165244	gene
ZNF525_01	protein
HOXB2HOXB13_01	protein
ZBTB38_02	protein
IRX5_01	protein
ENSG00000182759	gene
ENSG00000149922	gene
ENSG00000130684	gene
ENSG00000181894	gene
ENSG00000181896	gene
STAF_01	protein
ENSG00000204231	gene
PAX4_05	protein
PAX4_04	protein
ENSG00000107485	gene
FOXC2_01	protein
ENSG00000179528	gene
ZNF157_02	protein
ENSG00000113916	gene
ENSG00000005073	gene
ENSG00000196967	gene
KLF13_01	protein
ENSG00000164754	gene
IRX3_02	protein
ENSG00000204644	gene
ENSG00000176842	gene
IRX3_01	protein
S8_02	protein
ZNF28_03	protein
ENSG00000283088	gene
ENSG00000197566	gene
ZNF540_02	protein
CLOCKNHLH1_01	protein
PAX5_01	protein
MGADLX3_01	protein
ENSG00000197961	gene
ENSG00000197213	gene
FOXD2_04	protein
ENSG00000110777	gene
FOXD2_01	protein
ESRRA_05	protein
SOX9_B1	protein
ENSG00000187987	gene
PAX3_03	protein
ENSG00000204947	gene
ENSG00000273274	gene
ENSG00000159882	gene
ENSG00000182521	gene
ENSG00000159885	gene
ENSG00000143799	gene
ENSG00000198633	gene
HOXB2SOX15_01	protein
E4BP4_01	protein
ENSG00000178386	gene
ZNF479_03	protein
ENSG00000129152	gene
ENSG00000197360	gene
LXRBRXRA_Q5	protein
ENSG00000197362	gene
ENSG00000197363	gene
ENSG00000176165	gene
ENSG00000134852	gene
SOX9_09	protein
RBAK_03	protein
SOX9_05	protein
SOX9_06	protein
SOX9_03	protein
ENSG00000142700	gene
ENSG00000198185	gene
IRF1_Q5	protein
ENSG00000143257	gene
ENSG00000134323	gene
ENSG00000198182	gene
ENSG00000198740	gene
ENSG00000213096	gene
SRF_07	protein
ENSG00000169548	gene
ALX4_02	protein
ENSG00000198169	gene
BLIMP1_Q6	protein
HLTF_Q4	protein
ZNF224_02	protein
ZNF224_03	protein
ZNF224_05	protein
POU2F2_03	protein
POU2F2_08	protein
POU2F2_09	protein
ENSG00000103495	gene
ENSG00000234444	gene
ENSG00000175745	gene
NFAT5_Q5_03	protein
ZNF417_01	protein
ENSG00000187821	gene
ENSG00000131061	gene
ENSG00000064218	gene
THRB_01	protein
ENSG00000123268	gene
ENSG00000106511	gene
ENSG00000171443	gene
ETV6_01	protein
POU4F3_02	protein
HOXC10TBX21_01	protein
GBX1_01	protein
HOXB2EOMES_01	protein
ENSG00000118513	gene
ENSG00000120837	gene
ENSG00000101096	gene
ENSG00000178935	gene
IRF_Q4	protein
REST_04	protein
IRF_Q6	protein
ZNF225_03	protein
NRF2_Q6	protein
REST_01	protein
POU4F2_01	protein
ENSG00000131668	gene
ENSG00000131849	gene
ENSG00000131848	gene
ENSG00000136367	gene
ENSG00000131845	gene
HNF6_Q6	protein
ZNF227_03	protein
ZNF227_02	protein
NR1B1RXRA_01	protein
NFIL3_03	protein
ENSG00000152475	gene
ENSG00000125533	gene
ENSG00000111046	gene
ENSG00000172000	gene
ENSG00000111049	gene
ETV2DLX3_03	protein
ENSG00000172006	gene
ERFFOXO1_01	protein
ZNF44_02	protein
ENSG00000092067	gene
ENSG00000184635	gene
BARX2_01	protein
ZNF696_01	protein
OCT1_Q6	protein
APA1_02	protein
ENSG00000198353	gene
ENSG00000188295	gene
ENSG00000214575	gene
POU2F1TBX21_01	protein
LRH1_Q6	protein
TP53_03	protein
BATF3_02	protein
ENSG00000186660	gene
POU2F1FOXO6_01	protein
ATF3_Q6	protein
ENSG00000164920	gene
ENSG00000253293	gene
ENSG00000137309	gene
ENSG00000157429	gene
ENSG00000008196	gene
ENSG00000008197	gene
ENSG00000227124	gene
ENSG00000267508	gene
SOX21_05	protein
SOX21_06	protein
SOX21_07	protein
ZNF695_02	protein
ENSG00000213928	gene
ENSG00000174738	gene
ENSG00000221994	gene
ENSG00000137947	gene
ENSG00000127903	gene
CGBP_01	protein
CGBP_02	protein
ZNF431_03	protein
ENSG00000116604	gene
ENSG00000112561	gene
MSX1_Q5	protein
ENSG00000020633	gene
ENSG00000119950	gene
ENSG00000186272	gene
ZNF587_01	protein
LUN1_01	protein
ENSG00000183647	gene
ENSG00000278129	gene
ENSG00000196378	gene
ENSG00000182742	gene
CEBPB_Q3	protein
LIM1_01	protein
ENSG00000125850	gene
PRDM12_01	protein
ZNF774_01	protein
TBX15_03	protein
ENSG00000128604	gene
TBX15_01	protein
DMRT2_01	protein
ENSG00000130522	gene
ENSG00000188629	gene
ENSG00000196110	gene
TEAD4DRGX_01	protein
E2F1EOMES_02	protein
ENSG00000140044	gene
ENSG00000164749	gene
CTCF_08	protein
ENSG00000264668	gene
CTCF_05	protein
CTCF_02	protein
ZNF76_01	protein
CTCF_01	protein
ENSG00000182568	gene
ENSG00000185507	gene
EVI1_04	protein
HDX_01	protein
ENSG00000077092	gene
ENSG00000081059	gene
SMAD2SMAD3SMAD4_01	protein
ENSG00000072310	gene
ZNF551_02	protein
ENSG00000196605	gene
NR2C2_05	protein
ENSG00000125398	gene
ENSG00000104903	gene
ESRRA_12	protein
ENSG00000196597	gene
ENSG00000196591	gene
ENSG00000164107	gene
ENSG00000160336	gene
SRF_Q5_02	protein
ENSG00000185219	gene
SRF_Q5_01	protein
ENSG00000164916	gene
ENSG00000171872	gene
ENSG00000170653	gene
HSF2_04	protein
DMRT3_01	protein
ZNF699_02	protein
HSF2_02	protein
HOXB2ESRRB_01	protein
FOXL2_Q2	protein
ENSG00000197647	gene
ENSG00000106290	gene
SHOX2_01	protein
ENSG00000180938	gene
ENSG00000185177	gene
ENSG00000198455	gene
DMRT1_01	protein
ENSG00000165030	gene
ENSG00000169375	gene
TBX5_01	protein
E47_02	protein
ENSG00000124813	gene
SOX_Q4	protein
TBX5_04	protein
ENSG00000258873	gene
ENSG00000171295	gene
ENSG00000169554	gene
ENSG00000171291	gene
FOXD4L4_01	protein
CEBP_Q2_01	protein
ENSG00000176024	gene
ENSG00000171056	gene
RFX4_05	protein
CDX_Q5	protein
ENSG00000092607	gene
ENSG00000136826	gene
ENSG00000134532	gene
NOR1_02	protein
ENSG00000143621	gene
ENSG00000189420	gene
EMX2_04	protein
ENSG00000160113	gene
ETV2TBX21_03	protein
ENSG00000105880	gene
POU3F1_Q6	protein
ENSG00000109851	gene
ZNF366_01	protein
ENSG00000189164	gene
SATB1_Q3	protein
ENSG00000150907	gene
ENSG00000065970	gene
ZNF524_02	protein
ENSG00000180613	gene
ENSG00000065978	gene
AR_08	protein
ENSG00000139515	gene
HSF1_04	protein
AR_04	protein
HSF1_02	protein
CP2_02	protein
GR_Q6_02	protein
HFH8_01	protein
EVI_Q6	protein
HNF4A_Q6_01	protein
ENSG00000163497	gene
GRE_C	protein
ENSG00000078399	gene
SETDB1_01	protein
ENSG00000177888	gene
FOXP3_Q4	protein
ENSG00000152467	gene
TCF17_04	protein
ENSG00000122145	gene
LEF1_Q4	protein
ENSG00000181450	gene
RXRB_01	protein
ENSG00000105392	gene
ENSG00000149054	gene
HOXC13_01	protein
ZNF616_01	protein
ENSG00000149050	gene
HOXB13TBX21_01	protein
ENSG00000181690	gene
ENSG00000108924	gene
HOXA9_04	protein
ENSG00000109320	gene
FOX_Q2	protein
ENSG00000141905	gene
ENSG00000172216	gene
KLF14_01	protein
ENSG00000146587	gene
ZNF175_01	protein
IRF3_Q3	protein
ENSG00000118707	gene
ENSG00000180035	gene
RUNX2_01	protein
NFAT5_02	protein
ENSG00000166860	gene
MEIS1_02	protein
ENSG00000245848	gene
DUXA_01	protein
DUXA_02	protein
GATA1_Q6	protein
HOXB2TCF3_01	protein
ENSG00000162367	gene
EWSR1FLI1_01	protein
NUR77_01	protein
NF1_Q6	protein
ENSG00000122386	gene
ENSG00000030419	gene
ENSG00000077463	gene
ENSG00000119547	gene
ENSG00000172748	gene
ENSG00000258405	gene
ZNF195_03	protein
ZNF33B_03	protein
ENSG00000164299	gene
ENSG00000137203	gene
NR1B1RXRG_01	protein
ZNF572_02	protein
NFIA_03	protein
NFIA_01	protein
ENSG00000165512	gene
MEIS1EVX1_01	protein
ENSG00000196345	gene
ENSG00000125846	gene
FOXO1ELK3_02	protein
ENSG00000128610	gene
ENSG00000149948	gene
HOXA10_01	protein
HOXA10_03	protein
NR3C1_03	protein
NR3C1_01	protein
NR3C1_07	protein
ENSG00000010818	gene
ENSG00000105717	gene
DMRT7_01	protein
ENSG00000180855	gene
ENSG00000125285	gene
ENSG00000164778	gene
SMAD4_Q6	protein
ENSG00000278570	gene
ENSG00000148704	gene
PDX1_05	protein
ENSG00000159556	gene
ENSG00000101076	gene
HOXB5_01	protein
ENSG00000170265	gene
ENSG00000170260	gene
ENSG00000204920	gene
ENSG00000155090	gene
ENSG00000270011	gene
ENSG00000144355	gene
ENSG00000143437	gene
ENSG00000008441	gene
ZNF208_01	protein
ZNF814_01	protein
MMEF2_Q6	protein
ENSG00000198963	gene
ENSG00000197343	gene
ENSG00000175832	gene
ISRE_01	protein
ENSG00000010030	gene
ENSG00000120149	gene
ENSG00000106546	gene
ENSG00000106261	gene
ENSG00000152192	gene
ENSG00000234284	gene
MAX_Q6	protein
ENSG00000158773	gene
ENSG00000124827	gene
OSR2_05	protein
ENSG00000140987	gene
ENSG00000101412	gene
TRPS1_Q3	protein
ENSG00000182986	gene
ENSG00000171606	gene
DMRT5_01	protein
ENSG00000131196	gene
ENSG00000177508	gene
ENSG00000198146	gene
ENSG00000181666	gene
ENSG00000082175	gene
PPARGRXRA_02	protein
HNF4A_08	protein
BRN3C_01	protein
ZNF300_02	protein
ENSG00000069667	gene
ENSG00000176692	gene
ENSG00000135547	gene
RARG_03	protein
MECP2_Q4	protein
ENSG00000123933	gene
DLX5_01	protein
ENSG00000213347	gene
ENSG00000102034	gene
ENSG00000049768	gene
ZFP90_02	protein
HMGIY_Q3	protein
FOXI1_03	protein
ENSG00000102349	gene
ENSG00000169635	gene
RFX2_05	protein
RFX2_01	protein
ENSG00000136944	gene
ENSG00000180626	gene
ENSG00000176472	gene
LRH1_Q5_01	protein
ENSG00000178403	gene
ENSG00000100105	gene
ENSG00000105967	gene
AR_10	protein
ENSG00000009950	gene
ENSG00000147421	gene
ENSG00000177873	gene
NFKB_C	protein
SP3_Q3	protein
LEF1TCF1_Q4	protein
YY1_07	protein
ENSG00000105419	gene
YY1_01	protein
YY1_02	protein
ENSG00000167074	gene
LHX61_02	protein
LHX61_01	protein
ENSG00000162772	gene
ENSG00000147601	gene
ENSG00000166211	gene
SOX2_Q3_01	protein
PAX6_02	protein
NFY_Q6_01	protein
ENSG00000152454	gene
ENSG00000215372	gene
ZNF312_01	protein
ENSG00000119715	gene
ENSG00000181449	gene
ZIM3_02	protein
ENSG00000139445	gene
HNF1_02	protein
HNF1_01	protein
ENSG00000114126	gene
ENSG00000168214	gene
ENSG00000163795	gene
ENSG00000133111	gene
ENSG00000115297	gene
VAX1_01	protein
ENSG00000028277	gene
ENSG00000184659	gene
POU2F1DLX2_01	protein
MSX2_Q3	protein
ENSG00000214513	gene
K2B_01	protein
ZNF841_04	protein
ENSG00000188909	gene
ENSG00000160961	gene
ENSG00000162992	gene
HOXB2PAX5_02	protein
BACH1_01	protein
ENSG00000176302	gene
TFAP2CETV7_01	protein
IRF1_03	protein
COUP_01	protein
ENSG00000132005	gene
ENSG00000273841	gene
HNF1_C	protein
SALL3_01	protein
ENSG00000112365	gene
PAX7_01	protein
FREAC4_02	protein
FREAC4_01	protein
STAT1_05	protein
RELBP50_Q3	protein
ENSG00000172379	gene
NKX23_01	protein
PIT1_Q6	protein
NKX23_04	protein
HOXB7_01	protein
ENSG00000108001	gene
OCT2_Q6	protein
YY2_01	protein
ENSG00000108511	gene
ESRRG_02	protein
ENSG00000180318	gene
HNF1_Q6_01	protein
GR_01	protein
ENSG00000172201	gene
ENSG00000173404	gene
NKX21_01	protein
THRA_01	protein
ENSG00000101883	gene
ENSG00000173153	gene
STAF_02	protein
ENSG00000172238	gene
ENSG00000173976	gene
VSX1_01	protein
ENSG00000196350	gene
ENSG00000185697	gene
ENSG00000196357	gene
PLAGL2_02	protein
ENSG00000125878	gene
ENSG00000116132	gene
JUNBFRA2_01	protein
ZNF228_01	protein
ENSG00000067955	gene
ENSG00000130818	gene
HOXB3_01	protein
MEIS2ONECUT2_01	protein
GCM2E2F8_01	protein
ENSG00000173575	gene
POU4F1_01	protein
ENSG00000180828	gene
TCF3_01	protein
ONECUT3_01	protein
ENSG00000130675	gene
ENSG00000010539	gene
ENSG00000085644	gene
ENSG00000005513	gene
ENSG00000112182	gene
ENSG00000198816	gene
ENSG00000198815	gene
ENSG00000120738	gene
ENSG00000101665	gene
PLAG1_02	protein
STAT3_03	protein
ENSG00000196757	gene
JUNBFOS_02	protein
TEAD4RFX5_01	protein
ENSG00000151090	gene
ENSG00000196628	gene
FREAC3_01	protein
DLX3_01	protein
ZNF276_03	protein
ZNF276_02	protein
ENSG00000145908	gene
ENSG00000100625	gene
ENSG00000148606	gene
BLIMP1_02	protein
HOXB8_01	protein
ENSG00000107187	gene
ENSG00000107859	gene
ENSG00000170325	gene
NFY_01	protein
ENSG00000100823	gene
TFAP2C_02	protein
ENSG00000134317	gene
ENSG00000169083	gene
ENSG00000125492	gene
TFAP2C_04	protein
ENSG00000178665	gene
ENSG00000113580	gene
ZNF208_04	protein
ZNF275_01	protein
FOXJ2_02	protein
FOXJ2_03	protein
ONECUT1_01	protein
ZNF816A_02	protein
ZNF430_02	protein
ENSG00000197714	gene
FREAC7_01	protein
ENSG00000103241	gene
ENSG00000134954	gene
GTF3C2_01	protein
ENSG00000156853	gene
ZNF17_02	protein
ENSG00000204595	gene
HOXA3EOMES_01	protein
STAT5A_02	protein
STAT5A_01	protein
DLX2_01	protein
ZNF329_03	protein
ENSG00000198551	gene
ENSG00000198556	gene
REX1_04	protein
DLX1_01	protein
ENSG00000143190	gene
ENSG00000128272	gene
ENSG00000123095	gene
BARX1_01	protein
BARX1_03	protein
ZNF729_06	protein
ENSG00000160321	gene
ZNF729_01	protein
FOXP2_01	protein
ZNF16_03	protein
GFI1_Q6	protein
FOXO1ETV4_02	protein
ENSG00000189190	gene
ENSG00000203326	gene
ENSG00000251247	gene
ENSG00000197863	gene
ENSG00000135374	gene
NKX3A_02	protein
ENSG00000261678	gene
ENSG00000143995	gene
ENSG00000102974	gene
ENSG00000123388	gene
ALX4TBX21_01	protein
ENSG00000166888	gene
ENSG00000162761	gene
ENSG00000105996	gene
ENSG00000105997	gene
ENSG00000105991	gene
ENSG00000168661	gene
ZNF479_01	protein
IRX2_01	protein
RXRPXR_Q2	protein
ENSG00000177311	gene
ENSG00000179059	gene
NFYC_Q5	protein
ENSG00000123364	gene
LMX1B_01	protein
ENSG00000184486	gene
ENSG00000184481	gene
ER_Q6	protein
NEUROD_02	protein
NEUROD_01	protein
ENSG00000118495	gene
ENSG00000043039	gene
ENSG00000168269	gene
HDAC2_06	protein
HDAC2_03	protein
ENSG00000142556	gene
ENSG00000169951	gene
ENSG00000169957	gene
RORA_06	protein
HNF4_01	protein
FOXG1_01	protein
ENSG00000102878	gene
ENSG00000244405	gene
ENSG00000108055	gene
FOXC1_02	protein
FOXC1_03	protein
HOXD12EOMES_01	protein
ENSG00000167840	gene
DBP_02	protein
COUPDR1_Q6	protein
ENSG00000074047	gene
PMX2B_01	protein
PRDM4_01	protein
MSX1_04	protein
MSX1_02	protein
ENSG00000133740	gene
PAX8_B	protein
ENSG00000105750	gene
ZNF325_01	protein
ENSG00000245680	gene
ZNF256_01	protein
ZNF256_02	protein
ZNF630_01	protein
ENSG00000118922	gene
ZNF630_02	protein
ENSG00000136535	gene
HOX13_02	protein
ENSG00000186790	gene
ENSG00000170166	gene
ENSG00000214189	gene
ENSG00000283617	gene
AIRE_02	protein
AIRE_01	protein
ENSG00000179909	gene
ENSG00000184492	gene
ENSG00000184937	gene
ENSG00000137265	gene
EMX1_02	protein
ENSG00000184939	gene
VDRRXRA_01	protein
POU5F1B_02	protein
ENSG00000172789	gene
ENSG00000136931	gene
ZNF471_02	protein
PRDM1_05	protein
ENSG00000130803	gene
MEIS1ONECUT2_01	protein
RORC_01	protein
ZNF777_01	protein
PBX1_02	protein
PBX1_05	protein
GLI_Q6	protein
ENSG00000196437	gene
SP4_05	protein
ENSG00000196381	gene
FOXD4L6_01	protein
ALX4_05	protein
ENSG00000196387	gene
ENSG00000186130	gene
PBX3_03	protein
NFAT5_Q5_02	protein
NGN2_Q3	protein
ENSG00000258289	gene
FOXO4_01	protein
FOXO4_03	protein
FOXO4_02	protein
ENSG00000260027	gene
ZNF254_03	protein
ENSG00000198807	gene
ENSG00000163064	gene
ENSG00000126603	gene
OCTAMER_02	protein
ENSG00000117707	gene
ENSG00000205250	gene
OCTAMER_01	protein
ENSG00000178860	gene
ENSG00000204304	gene
ENSG00000101057	gene
ENSG00000196724	gene
ENSG00000196653	gene
ENSG00000175329	gene
ENSG00000179456	gene
SP2_07	protein
ENSG00000174255	gene
ENSG00000175322	gene
ENSG00000178187	gene
ENSG00000175325	gene
ALX3_04	protein
ENSG00000139083	gene
POU2F3_04	protein
ALX3_01	protein
POU2F3_01	protein
ALX3_03	protein
ZNF674_01	protein
OTP_01	protein
FOXD4L1_01	protein
ENSG00000116478	gene
MEIS1DLX2_01	protein
ENSG00000171827	gene
ENSG00000161298	gene
UNCX_02	protein
ZNF253_01	protein
CDPCR3_01	protein
PPARARXRA_01	protein
ENSG00000103343	gene
ENSG00000160908	gene
ZNF672_03	protein
ENSG00000197385	gene
ENSG00000170689	gene
ZNF665_01	protein
ENSG00000170684	gene
ZNF791_02	protein
ENSG00000121903	gene
ENSG00000139154	gene
ZNF93_03	protein
ENSG00000182968	gene
HOXC10_01	protein
ZNF793_01	protein
NFYB_01	protein
ENSG00000175787	gene
ZNF300_01	protein
ZNF300_03	protein
ENSG00000221923	gene
ENSG00000273046	gene
ENSG00000182983	gene
PEG3_03	protein
PEG3_02	protein
PEG3_04	protein
ENSG00000176678	gene
ENSG00000143365	gene
ZNF91_06	protein
ENSG00000168122	gene
ZNF662_01	protein
ZNF91_01	protein
ZNF792_01	protein
ZNF45_02	protein
ENSG00000171956	gene
ENSG00000140548	gene
POU2F1_03	protein
NCX_02	protein
FOXD4L5_01	protein
ENSG00000106331	gene
ENSG00000083844	gene
ZNF664_01	protein
KROX_Q6	protein
NFATC1_03	protein
NFATC1_02	protein
NFATC1_01	protein
ENSG00000204335	gene
ENSG00000134107	gene
ENSG00000169057	gene
ZNF667_04	protein
GABPA_11	protein
ZNF667_03	protein
ZNF169_02	protein
ZNF407_01	protein
OCT3_Q6	protein
ENSG00000185811	gene
ENSG00000189144	gene
HOXC11_01	protein
ENSG00000111087	gene
ENSG00000012048	gene
HOXB2ELK1_02	protein
HEN1_02	protein
HEN1_01	protein
ENSG00000111249	gene
ENSG00000105698	gene
ENSG00000153779	gene
ENSG00000118156	gene
E2F_Q6_01	protein
DUX4_02	protein
SOX15_07	protein
SOX15_06	protein
FOSJUN_03	protein
DUX4_01	protein
TFAP2CE2F8_01	protein
FOXJ2HOXB13_01	protein
ENSG00000188033	gene
STAT4_Q4	protein
ENSG00000095564	gene
NFYA_02	protein
ZSCAN16_01	protein
ENSG00000166529	gene
ENSG00000166526	gene
ENSG00000213988	gene
CDX2_Q6	protein
CDX2_Q5	protein
CDP_04	protein
AR_14_H	protein
ENSG00000187079	gene
JUNBFOSB_01	protein
ICSBP_Q6	protein
XBP1_01	protein
ETV2EOMES_03	protein
ENSG00000196109	gene
ENSG00000071794	gene
NFE2MAF_01	protein
ENSG00000187098	gene
NRSF_Q4	protein
ENSG00000257923	gene
ENSG00000188816	gene
ENSG00000283620	gene
ENSG00000177125	gene
ENSG00000183309	gene
HZF12_02	protein
ENSG00000115507	gene
RXRRAR_01	protein
ENSG00000184677	gene
ENSG00000137270	gene
ARNTLPITX1_01	protein
ENSG00000137273	gene
FOXD4L3_01	protein
ENSG00000272602	gene
ENSG00000125813	gene
ENSG00000125812	gene
HOXB13_01	protein
ENSG00000125816	gene
SOX2_Q6	protein
ENSG00000166704	gene
E2F1_05	protein
SOX2_Q3	protein
ENSG00000221869	gene
ENSG00000182141	gene
ENSG00000169981	gene
MYOGNF1_01	protein
ENSG00000186300	gene
ZNF454_01	protein
NKX32_02	protein
DR4_Q2	protein
ENSG00000112238	gene
ENSG00000180806	gene
DR3_Q4	protein
EP300_03	protein
ENSG00000196391	gene
ENSG00000159692	gene
ENSG00000119866	gene
ENSG00000235109	gene
POU4F1_Q6	protein
ENSG00000173041	gene
NKX12_01	protein
ENSG00000004848	gene
FOXO6_01	protein
ENSG00000130584	gene
ZNF611_04	protein
ENSG00000283321	gene
FOXD4L2_01	protein
ENSG00000159216	gene
ZNF383_02	protein
HOXC13_Q2	protein
TEF5_Q6_01	protein
ENSG00000001167	gene
POU2F1EOMES_01	protein
HNF1B_01	protein
ZNF552_01	protein
ENSG00000174332	gene
T3RBETA_Q6_01	protein
TBX2_01	protein
FOXO1SPDEF_01	protein
SOX2_04	protein
CDP_02	protein
ENSG00000197063	gene
ENSG00000197062	gene
ENSG00000006194	gene
SOX2_05	protein
ENSG00000130726	gene
TFAP2A_10	protein
TBX4_02	protein
RFX5_06	protein
ENSG00000181220	gene
ZNF31_02	protein
ENSG00000164631	gene
RFX5_01	protein
ZNF354B_02	protein
ENSG00000185252	gene
ENSG00000168875	gene
JUNDFRA2_01	protein
ENSG00000256294	gene
ENSG00000066336	gene
POU6F1_03	protein
ENSG00000117595	gene
ZNFPT1_01	protein
ENSG00000007372	gene
ENSG00000197608	gene
RFX3_06	protein
ENSG00000198482	gene
ENSG00000110693	gene
ENSG00000181315	gene
ENSG00000112837	gene
CART1_03	protein
CART1_01	protein
ELK1SREBF2_02	protein
ENSG00000170949	gene
FOXR1_02	protein
FOXR1_01	protein
ENSG00000120068	gene
CUX1_07	protein
ENSG00000198131	gene
ZNF710_02	protein
ENSG00000096401	gene
RXRG_03	protein
RXRG_02	protein
ENSG00000124613	gene
ENSG00000171540	gene
ENSG00000125740	gene
GBX2_01	protein
ENSG00000006377	gene
ENSG00000185024	gene
ENSG00000143373	gene
ZNF501_01	protein
ENSG00000185022	gene
ZFP37_05	protein
ZNF615_02	protein
ENSG00000143379	gene
ZNF713_01	protein
ENSG00000162924	gene
ZNF713_03	protein
ENSG00000171940	gene
ZNF197_01	protein
ENSG00000123411	gene
ENSG00000143171	gene
ENSG00000018607	gene
ENSG00000143178	gene
ENSG00000183770	gene
ENSG00000177426	gene
RXRA_07	protein
ENSG00000177932	gene
RXRA_05	protein
RFX1_02	protein
ENSG00000104856	gene
HNF4GAMMA_01	protein
ENSG00000143390	gene
ZNF671_03	protein
CP2_Q4	protein
ENSG00000184221	gene
ENSG00000228623	gene
HKR1_01	protein
ENSG00000197841	gene
ENSG00000068305	gene
ENSG00000176887	gene
STAT5A_Q4	protein
STAT5A_Q6	protein
OTX1_01	protein
OTX1_03	protein
ENSG00000005889	gene
ENSG00000109787	gene
ENSG00000189180	gene
ZNF561_01	protein
ENSG00000167554	gene
ENSG00000102554	gene
NRSE_B	protein
CUX1SOX15_01	protein
ENSG00000215612	gene
ENSG00000119725	gene
SOX18_05	protein
SOX18_06	protein
SOX18_07	protein
HOXD3_01	protein
ZNF502_02	protein
ENSG00000230797	gene
ENSG00000180787	gene
ENSG00000176083	gene
ENSG00000142025	gene
GFI1_01	protein
ENSG00000105516	gene
ENSG00000187792	gene
ENSG00000182318	gene
ENSG00000165606	gene
NR2E1_02	protein
ENSG00000108788	gene
ENSG00000127081	gene
HOXD1_01	protein
HOXD10_Q2	protein
ENSG00000119614	gene
ENSG00000141946	gene
ENSG00000071564	gene
ENSG00000169131	gene
ENSG00000136997	gene
NANOG_01	protein
NANOG_02	protein
ENSG00000185730	gene
YY1_03	protein
ENSG00000052850	gene
ENSG00000138738	gene
ENSG00000132010	gene
ENSG00000128645	gene
ENSG00000091010	gene
SRF_C	protein
ENSG00000163435	gene
HSF2_Q6	protein
ENSG00000101216	gene
ENSG00000119508	gene
ENSG00000147117	gene
ENSG00000125817	gene
ENSG00000179922	gene
ENSG00000116035	gene
PREP1_01	protein
ENSG00000188171	gene
ZFP14_02	protein
ZFP14_01	protein
ENSG00000165556	gene
E2F1_04	protein
ZFP14_04	protein
ENSG00000063515	gene
ENSG00000128652	gene
NFAT2_Q5_01	protein
JUNBFRA1_01	protein
ENSG00000101457	gene
PBX1_10	protein
TCF1_Q5_01	protein
ENSG00000267680	gene
ZNF569_01	protein
ENSG00000122034	gene
SOX6TBX21_01	protein
JUNFRA1_01	protein
ENSG00000159915	gene
ENSG00000159917	gene
ENSG00000050344	gene
ENSG00000196417	gene
ENSG00000196418	gene
ENSG00000180818	gene
ENSG00000164736	gene
PITX1EOMES_01	protein
ENSG00000273706	gene
ENSG00000145734	gene
SP5_Q2	protein
ENSG00000257591	gene
ENSG00000176371	gene
ENSG00000196092	gene
ENSG00000104064	gene
ENSG00000196705	gene
ENSG00000121454	gene
ENSG00000087903	gene
ENSG00000254004	gene
ZNF536_03	protein
EGR4_02	protein
ZNF160_03	protein
TFAP2A_02	protein
YY1_Q4_01	protein
TFAP2A_09	protein
ENSG00000175879	gene
PXR_Q2	protein
ENSG00000213762	gene
TR4_03	protein
ZNF705D_01	protein
ENSG00000197472	gene
DRRS_01	protein
ENSG00000256463	gene
ENSG00000257446	gene
ENSG00000171634	gene
FOXO3A_Q3	protein
FOXO3A_Q1	protein
ENSG00000197619	gene
ENSG00000100811	gene
E2F3EOMES_01	protein
ENSG00000117036	gene
TST1_02	protein
PMX2A_01	protein
ENSG00000164048	gene
POU2F1HOXB13_01	protein
EOMES_06	protein
ENSG00000007968	gene
ENSG00000174279	gene
ENSG00000100146	gene
ENSG00000120075	gene
ENSG00000121075	gene
ENSG00000166823	gene
ENSG00000197279	gene
ENSG00000196670	gene
ENSG00000106689	gene
ENSG00000171574	gene
ENSG00000140968	gene
ZNF382_02	protein
MEIS1AHOXA9_01	protein
ENSG00000120094	gene
ENSG00000120093	gene
ENSG00000167635	gene
ENSG00000167637	gene
ENSG00000156273	gene
ENSG00000171970	gene
ENSG00000256087	gene
ENSG00000123407	gene
ENSG00000123405	gene
ENSG00000198039	gene
ENSG00000169297	gene
FOXO1_02	protein
IRF4_Q5	protein
FOXO1_06	protein
HOXB2PITX1_01	protein
ENSG00000167384	gene
ENSG00000167380	gene
LHX2_03	protein
LHX2_01	protein
ENSG00000175691	gene
ENSG00000197857	gene
ATF2_Q5	protein
ENSG00000269699	gene
ENSG00000123576	gene
ENSG00000134595	gene
ENSG00000198453	gene
ENSG00000131408	gene
BHLHE23_02	protein
ENSG00000132170	gene
HNF4G_04	protein
LBP9_01	protein
ENSG00000167562	gene
HOXB6_01	protein
ZNF236_04	protein
NKX22_02	protein
ENSG00000229676	gene
ENSG00000123358	gene
ENSG00000188786	gene
GKLF_Q3_01	protein
ENSG00000188785	gene
PU1_Q4	protein
ETS1_04	protein
ENSG00000204524	gene
RUNX2_04	protein
ENSG00000184271	gene
ENSG00000217236	gene
CEBPG_Q6_01	protein
ENSG00000166949	gene
ZNF230_01	protein
ZNF230_02	protein
ENSG00000213967	gene
ENSG00000204060	gene
ENSG00000141956	gene
ENSG00000184058	gene
PAX6_Q2	protein
ZNF132_03	protein
ZNF132_01	protein
ENSG00000147133	gene
ENSG00000115415	gene
ENSG00000165702	gene
NFIX_02	protein
ENSG00000263002	gene
ENSG00000263001	gene
ENSG00000169856	gene
ENSG00000115966	gene
ENSG00000126456	gene
FOXJ2ELF1_01	protein
ENSG00000167967	gene
LHX6_06	protein
ZNF233_02	protein
ENSG00000025156	gene
HOXB4_01	protein
BCL6B_06	protein
ENSG00000215421	gene
ZNF234_01	protein
ENSG00000148826	gene
ENSG00000251192	gene
ENSG00000162086	gene
ENSG00000249709	gene
ENSG00000139613	gene
ENSG00000112033	gene
ZNF136_03	protein
UNCX41_01	protein
ENSG00000147862	gene
ENSG00000129911	gene
ENSG00000127989	gene
ENSG00000138380	gene
ENSG00000130856	gene
ENSG00000196646	gene
ZNF232_01	protein
FOXE3_01	protein
ENSG00000172888	gene
ENSG00000242852	gene
HNF3B_01	protein
ENSG00000165495	gene
ENSG00000198028	gene
HMEF2_Q6	protein
HOXB13ONECUT2_01	protein
SOX10_02	protein
SOX10_03	protein
ZNF585B_04	protein
ZNF585A_01	protein
ZNF585A_02	protein
ENSG00000063438	gene
ZNF210_01	protein
ENSG00000196247	gene
ENSG00000135111	gene
ONECUT2_01	protein
FOXB1_02	protein
LHX5_01	protein
ZNF235_01	protein
TBX19_01	protein
ENSG00000125347	gene
NFYA_03	protein
ENSG00000197044	gene
ENSG00000231205	gene
ENSG00000130700	gene
ENSG00000120798	gene
HNF1A_Q4	protein
ENSG00000198939	gene
ZNF643_02	protein
SPZ1_01	protein
ENSG00000178338	gene
ENSG00000186230	gene
ENSG00000168813	gene
ENSG00000171817	gene
LMX1_01	protein
HNF1B_04	protein
HNF1B_06	protein
RFX5_02	protein
ENSG00000250312	gene
ERALPHA_Q6_02	protein
ENSG00000171448	gene
ELK1PAX1_01	protein
RFX3SRF_01	protein
ENSG00000170365	gene
ENSG00000171786	gene
ENSG00000117000	gene
THRB_02	protein
GSH2_01	protein
CUX1SRF_01	protein
ENSG00000111783	gene
MEIS1BHOXA9PBX1A_01	protein
NR2F1_05	protein
ZNF425_04	protein
NR2F1_02	protein
NR2F1_03	protein
ENSG00000121068	gene
ENSG00000085276	gene
ENSG00000081189	gene
ENSG00000218891	gene
ENSG00000064195	gene
TBX5CSX_Q5	protein
ENSG00000170561	gene
ENSG00000197134	gene
ENSG00000153560	gene
ZNF419_03	protein
ZNF642_02	protein
ENSG00000198597	gene
BSX_01	protein
STAT5B_01	protein
GCM1ELK3_01	protein
ENSG00000167625	gene
ENSG00000198026	gene
ZNF426_05	protein
TEAD4CLOCK_01	protein
ENSG00000178150	gene
TBX1_04	protein
ENSG00000175197	gene
ZNF143_03	protein
ENSG00000198205	gene
ENSG00000144852	gene
ENSG00000167394	gene
ELK1EVX1_01	protein
ZSCAN4_07	protein
ENSG00000134138	gene
TEAD4HOXA3_01	protein
MSX2_03	protein
MSX2_01	protein
ENSG00000068323	gene
ENSG00000102935	gene
NKX62_Q2	protein
ISL2_01	protein
ENSG00000198440	gene
SRF_01	protein
SRF_02	protein
SRF_03	protein
ENSG00000109906	gene
ENSG00000185869	gene
ENSG00000156127	gene
TBX1_02	protein
ENSG00000177599	gene
ENSG00000167081	gene
ZNF595_02	protein
NRSF_01	protein
ENSG00000204531	gene
ENSG00000204532	gene
PIT1_01	protein
OCT2_01	protein
ZNF764_01	protein
ENSG00000167157	gene
ZNF620_01	protein
ENSG00000114315	gene
POU3F2_04	protein
ENSG00000037965	gene
STAT_Q6	protein
ZNF799_02	protein
ENSG00000214652	gene
ENSG00000213973	gene
OTX3_01	protein
ATF4CEBPD_01	protein
RORB_03	protein
ETV5HOXA13_01	protein
TEAD4HOXA2_01	protein
ENSG00000184517	gene
ZNF66_02	protein
PLZF_02	protein
SPIC_03	protein
BRN2_01	protein
ENSG00000184828	gene
ENSG00000169840	gene
ELK1_09	protein
ENSG00000152977	gene
ZNF491_01	protein
PROP1_04	protein
ELK1_01	protein
PROP1_02	protein
ELK1_02	protein
ENSG00000148835	gene
ENSG00000277462	gene
ZNF470_03	protein
ZNF470_02	protein
MAFF_05	protein
HNF3_Q6_01	protein
MAFF_01	protein
TCF7L1_01	protein
ENSG00000165821	gene
ENSG00000164532	gene
ENSG00000242441	gene
ENSG00000125820	gene
ZSCAN2_06	protein
ENSG00000182111	gene
ZNF677_02	protein
DLX3_Q3	protein
ENSG00000130844	gene
ENSG00000186350	gene
CART1_02	protein
SMAD7_01	protein
ENSG00000112333	gene
ZNF98_02	protein
ENSG00000112242	gene
ENSG00000104447	gene
OTX2_03	protein
ZNF497_03	protein
GRHL1_01	protein
ENSG00000138083	gene
BRN4_01	protein
NFY_Q6	protein
NFY_Q3	protein
ENSG00000116833	gene
ENSG00000186777	gene
CUX2_02	protein
PHOX2B_02	protein
ENSG00000120784	gene
ZNF711_02	protein
ENSG00000130711	gene
ARX_01	protein
ARX_03	protein
ENSG00000006704	gene
ENSG00000177468	gene
ENSG00000122877	gene
POU1F1_04	protein
ENSG00000168826	gene
FOXO1HOXA10_01	protein
ENSG00000223614	gene
POU1F1_03	protein
SP4_Q3	protein
ENSG00000120656	gene
ENSG00000170802	gene
ZNF674_02	protein
ENSG00000174586	gene
FOXJ2PITX1_01	protein
TBX21_03	protein
TFAP2CDLX3_03	protein
MSX1_Q5_01	protein
MYF5_Q6	protein
ENSG00000256223	gene
ENSG00000170374	gene
E2A_Q2	protein
ZNF418_02	protein
ENSG00000256229	gene
OLF1_01	protein
EFC_Q6	protein
CUX1_05	protein
GATA2_09	protein
ENSG00000106536	gene
ENSG00000213015	gene
ZNF567_02	protein
PRDM16_01	protein
ENSG00000196693	gene
LBX2_01	protein
ENSG00000197054	gene
ENSG00000107249	gene
FOXP1_01	protein
GCM2DLX2_01	protein
FOXP1_03	protein
ENSG00000111424	gene
ENSG00000197124	gene
MAFK_06	protein
ENSG00000197123	gene
ENSG00000170577	gene
ENSG00000197128	gene
CREB_Q2	protein
ENSG00000197905	gene
ENSG00000181007	gene
PRDM1_02	protein
FOXM1_Q3	protein
ENSG00000141040	gene
GR_Q6	protein
GLI2_03	protein
SOX14_08	protein
ENSG00000133937	gene
SOX14_06	protein
HNF6_Q6_01	protein
GATA1_03	protein
ENSG00000164900	gene
ZNF566_01	protein
ENSG00000135457	gene
ENSG00000160741	gene
ESR1_03	protein
CCNT2_01	protein
ESR1_04	protein
ZNF652_04	protein
E2F_03	protein
ENSG00000140836	gene
ENSG00000106571	gene
CEBPD_Q6	protein
ENSG00000205927	gene
HNF4A_11	protein
ENSG00000205922	gene
ELK1PAX5_01	protein
ENSG00000142611	gene
ZNF66_01	protein
FOS_09	protein
ENSG00000123685	gene
ENSG00000169016	gene
HFH3_01	protein
ZNF181_01	protein
SRF_11	protein
ENSG00000102145	gene
ENSG00000134438	gene
ENSG00000214717	gene
ENSG00000118217	gene
GKLF_Q3	protein
ENSG00000105497	gene
ENSG00000198300	gene
ZBTB18_01	protein
ENSG00000176293	gene
ENSG00000171223	gene
ENSG00000111206	gene
ENSG00000131127	gene
POU5F1_06	protein
ENSG00000136870	gene
CUX1HOXA13_01	protein
ENSG00000180535	gene
ENSG00000163132	gene
ENSG00000113658	gene
LHX2_Q6	protein
ZNF226_01	protein
USF_01	protein
ENSG00000160094	gene
ENSG00000105672	gene
ENSG00000275004	gene
ZNF441_02	protein
ZNF441_01	protein
PRDM14_01	protein
HNF4_01_B	protein
S8_01	protein
CEBP_Q3	protein
CEBP_Q2	protein
ENSG00000167182	gene
SRY_09	protein
SRY_08	protein
RORALPHA_Q4	protein
ENSG00000146757	gene
PPARG_01	protein
ENSG00000162714	gene
ENSG00000178951	gene
ENSG00000215397	gene
ENSG00000163623	gene
ENSG00000147118	gene
PPARG_06	protein
MYBL1ONECUT2_01	protein
MAFG_Q3	protein
ENSG00000167981	gene
NRF1_03	protein
NRF1_02	protein
TEAD1_04	protein
ENSG00000187187	gene
CEBPE_Q6_01	protein
ENSG00000089225	gene
E2F3FOXO6_01	protein
ERFDLX2_01	protein
ENSG00000020256	gene
ENSG00000172530	gene
TEAD3_01	protein
ENSG00000173917	gene
ABL1_01	protein
CLOCKFIGLA_01	protein
ENSG00000165588	gene
ENSG00000080298	gene
ENSG00000137709	gene
ENSG00000185670	gene
ENSG00000283179	gene
ENSG00000153234	gene
TFAP4DLX3_01	protein
ZFP30_02	protein
ENSG00000129535	gene
ENSG00000137834	gene
ENSG00000111653	gene
ENSG00000127528	gene
ENSG00000112658	gene
ZNF707_01	protein
ENSG00000130544	gene
ENSG00000159387	gene
ENSG00000073282	gene
ENSG00000167785	gene
ENSG00000278500	gene
ENSG00000178229	gene
ZNF629_02	protein
NR2F6_01	protein
ENSG00000172845	gene
ENSG00000164458	gene
EGR1_12	protein
EGR1_16	protein
ENSG00000129654	gene
ENSG00000196268	gene
ENSG00000196267	gene
ENSG00000196263	gene
ERFDLX3_01	protein
ENSG00000157557	gene
ENSG00000157554	gene
ENSG00000116044	gene
ENSG00000164853	gene
ENSG00000179943	gene
ENSG00000121864	gene
HOXD12_01	protein
ENSG00000186017	gene
ENSG00000198911	gene
ENSG00000198914	gene
OCT4_02	protein
OCT4_01	protein
FOXD3_01	protein
ENSG00000173480	gene
ENSG00000124664	gene
ENSG00000183621	gene
ARP1_01	protein
ERALPHA_01	protein
RORA2_01	protein
PLAG1_01	protein
ENSG00000196466	gene
ZNF553_02	protein
ENSG00000197483	gene
MEF2_Q6_01	protein
MEF2_Q6_03	protein
MEF2_Q6_02	protein
IRF5_Q3	protein
ZNF732_02	protein
ENSG00000273514	gene
MNX1_02	protein
ETV2PAX5_01	protein
POU6F2_01	protein
SPIB_01	protein
ENSG00000187607	gene
FOXN2_02	protein
ENSG00000174282	gene
ENSG00000197020	gene
ENSG00000197024	gene
BHLHE22_01	protein
ENSG00000170581	gene
NFE4_Q5	protein
ENSG00000197933	gene
ENSG00000197935	gene
IRXB3_01	protein
ENSG00000180532	gene
BTEB2_Q3	protein
ENSG00000178175	gene
ENSG00000156925	gene
ENSG00000198040	gene
ENSG00000160199	gene
ENSG00000198046	gene
ENSG00000171161	gene
ENSG00000124766	gene
ENSG00000160352	gene
ENSG00000170345	gene
TATA_01	protein
ETV2NHLH1_02	protein
SOX11_Q6	protein
ENSG00000083812	gene
ENSG00000167377	gene
ENSG00000083814	gene
ENSG00000083817	gene
LXRDR4_Q3	protein
CREB3_02	protein
ENSG00000179195	gene
ENSG00000197808	gene
ENSG00000124782	gene
ZNF285_01	protein
ENSG00000137090	gene
ENSG00000139352	gene
ENSG00000198466	gene
ENSG00000198464	gene
MYBL2_05	protein
ENSG00000177374	gene
PITX1_01	protein
SOX2_03	protein
ENSG00000198315	gene
ENSG00000109101	gene
ENSG00000136866	gene
ENSG00000147124	gene
LHX3_01	protein
ENSG00000142065	gene
ENSG00000204514	gene
ENSG00000091831	gene
TEF1_Q6_04	protein
HB9_01	protein
ENSG00000204519	gene
SIX4_Q3	protein
ENSG00000167555	gene
ENSG00000169136	gene
HELIOSA_01	protein
HOXB2PAX1_02	protein
ENSG00000188227	gene
ENSG00000170954	gene
TCF11MAFG_01	protein
DBX2_01	protein
FAC1_01	protein
ENSG00000215271	gene
NR1D2_01	protein
ENSG00000177485	gene
HOXB2ETV7_01	protein
ENSG00000250571	gene
ENSG00000113196	gene
ENSG00000162702	gene
ENSG00000181722	gene
ENSG00000065029	gene
TFAP4ETV4_01	protein
ENSG00000142409	gene
PITX2_01	protein
ETV2TCF3_01	protein
ZNF263_02	protein
MYBL1_08	protein
CUX1HOXB13_01	protein
ENSG00000110851	gene
ZNF133_03	protein
ZNF133_02	protein
ZNF133_04	protein
ENSG00000179965	gene
ENSG00000115207	gene
ENSG00000162676	gene
HOXC9_01	protein
ENSG00000172059	gene
ZNF502_01	protein
ENSG00000185668	gene
ENSG00000185669	gene
ENSG00000029153	gene
ENSG00000172273	gene
CUX1FOXO1_01	protein
ENSG00000115844	gene
ENSG00000163508	gene
ENSG00000138378	gene
ENSG00000274349	gene
NFYA_Q5	protein
ENSG00000251493	gene
ENSG00000186376	gene
ENSG00000126003	gene
MEF2C_02	protein
HOXC10EOMES_01	protein
ENSG00000173275	gene
ENSG00000180257	gene
ENSG00000115112	gene
ENSG00000158711	gene
ENSG00000185591	gene
ENSG00000173875	gene
ZNF526_02	protein
RFX3ETV7_01	protein
MYCMAX_03	protein
TFAP2C_01	protein
ENSG00000116819	gene
ENSG00000121413	gene
ENSG00000212993	gene
ENSG00000204366	gene
ENSG00000121417	gene
ENSG00000196214	gene
TTF1_Q6	protein
MECP2_Q4_01	protein
ENSG00000101493	gene
ENSG00000077150	gene
OCT1_08	protein
ENSG00000186026	gene
OCT1_01	protein
ENSG00000186020	gene
OCT1_03	protein
OCT1_02	protein
OCT1_05	protein
OCT1_04	protein
OCT1_06	protein
BLIMP1_Q6_01	protein
ENSG00000005102	gene
ENSG00000009709	gene
ENSG00000242779	gene
ENSG00000122691	gene
ENSG00000196456	gene
ENSG00000196323	gene
ENSG00000196453	gene
ENSG00000126778	gene
ENSG00000196458	gene
ENSG00000019549	gene
ENSG00000197497	gene
ENSG00000120693	gene
ENSG00000120690	gene
FOXN4_01	protein
ENSG00000081665	gene
ENSG00000116560	gene
ENSG00000164011	gene
ZNF283_02	protein
ZNF708_02	protein
ZNF600_02	protein
ENSG00000144026	gene
ENSG00000182903	gene
ENSG00000256683	gene
GIOT1_01	protein
MAZ_Q6_01	protein
FOXJ2_01	protein
ZNF524_01	protein
FEZF1_01	protein
ENSG00000170178	gene
ERALPHA_Q4	protein
CARRXR_Q2	protein
ENSG00000100968	gene
ENSG00000100219	gene
ENSG00000197037	gene
ENSG00000151623	gene
JUN_04	protein
ENSG00000197928	gene
ENSG00000075891	gene
ENSG00000125798	gene
ZNF878_01	protein
TEF_04	protein
ENSG00000100987	gene
TEF_03	protein
TEF_01	protein
ENSG00000152284	gene
ENSG00000129351	gene
ENSG00000213999	gene
MAF_Q6	protein
CMAF_01	protein
